This is XeTeX, Version 3.141592653-2.6-0.999997 (MiKTeX 25.12) (preloaded format=xelatex 2026.9.21)  22 SEP 2026 21:37
entering extended mode
 restricted \write18 enabled.
 %&-line parsing enabled.
**./main.tex
(main.tex
LaTeX2e <2025-11-01>
L3 programming layer <2025-12-24>
(TesisUNI.cls

LaTeX Warning: You have requested document class `TesisUNI',
               but the document class provides `book'.

Document Class: book 2019/12/20 v1.4l Standard LaTeX document class
(C:\Users\LarkBox\AppData\Local\Programs\MiKTeX\tex/latex/base\bk11.clo
File: bk11.clo 2025/01/22 v1.4n Standard LaTeX file (size option)
)
\c@part=\count271
\c@chapter=\count272
\c@section=\count273
\c@subsection=\count274
\c@subsubsection=\count275
\c@paragraph=\count276
\c@subparagraph=\count277
\c@figure=\count278
\c@table=\count279
\abovecaptionskip=\skip49
\belowcaptionskip=\skip50
\bibindent=\dimen148

(C:\Users\LarkBox\AppData\Local\Programs\MiKTeX\tex/latex/geometry\geometry.sty
Package: geometry 2026/03/07 v6.0 Page Geometry
(C:\Users\LarkBox\AppData\Local\Programs\MiKTeX\tex/latex/graphics\keyval.sty
Package: keyval 2022/05/29 v1.15 key=value parser (DPC)
\KV@toks@=\toks17
)
(C:\Users\LarkBox\AppData\Local\Programs\MiKTeX\tex/generic/iftex\ifvtex.sty
Package: ifvtex 2019/10/25 v1.7 ifvtex legacy package. Use iftex instead.

(C:\Users\LarkBox\AppData\Local\Programs\MiKTeX\tex/generic/iftex\iftex.sty
Package: iftex 2024/12/12 v1.0g TeX engine tests
))
\Gm@cnth=\count280
\Gm@cntv=\count281
\c@Gm@tempcnt=\count282
\Gm@bindingoffset=\dimen149
\Gm@wd@mp=\dimen150
\Gm@odd@mp=\dimen151
\Gm@even@mp=\dimen152
\Gm@layoutwidth=\dimen153
\Gm@layoutheight=\dimen154
\Gm@layouthoffset=\dimen155
\Gm@layoutvoffset=\dimen156
\Gm@dimlist=\toks18

(C:\Users\LarkBox\AppData\Local\Programs\MiKTeX\tex/latex/geometry\geometry.cfg
))
(C:\Users\LarkBox\AppData\Local\Programs\MiKTeX\tex/latex/fancyhdr\fancyhdr.sty
Package: fancyhdr 2025/02/07 v5.2 Extensive control of page headers and footers

\f@nch@headwidth=\skip51
\f@nch@offset@elh=\skip52
\f@nch@offset@erh=\skip53
\f@nch@offset@olh=\skip54
\f@nch@offset@orh=\skip55
\f@nch@offset@elf=\skip56
\f@nch@offset@erf=\skip57
\f@nch@offset@olf=\skip58
\f@nch@offset@orf=\skip59
\f@nch@height=\skip60
\f@nch@footalignment=\skip61
\f@nch@widthL=\skip62
\f@nch@widthC=\skip63
\f@nch@widthR=\skip64
\@temptokenb=\toks19
)) (0_0_PREAMBULO/preambulo.tex
(C:\Users\LarkBox\AppData\Local\Programs\MiKTeX\tex/latex/base\inputenc.sty
Package: inputenc 2024/02/08 v1.3d Input encoding file
\inpenc@prehook=\toks20
\inpenc@posthook=\toks21


Package inputenc Warning: inputenc package ignored with utf8 based engines.

) (C:\Users\LarkBox\AppData\Local\Programs\MiKTeX\tex/latex/apacite\apacite.sty
Package: apacite 2013/07/21 v6.03 APA citation
\c@BibCnt=\count283
\bibleftmargin=\skip65
\bibindent=\skip66
\bibparsep=\skip67
\bibitemsep=\skip68
\biblabelsep=\skip69
) (C:\Users\LarkBox\AppData\Local\Programs\MiKTeX\tex/latex/base\fontenc.sty
Package: fontenc 2025/07/18 v2.1d Standard LaTeX package
LaTeX Font Info:    Trying to load font information for T1+lmr on input line 11
6.

(C:\Users\LarkBox\AppData\Local\Programs\MiKTeX\tex/latex/lm\t1lmr.fd
File: t1lmr.fd 2015/05/01 v1.6.1 Font defs for Latin Modern
))
(C:\Users\LarkBox\AppData\Local\Programs\MiKTeX\tex/generic/babel\babel.sty
Package: babel 2025/12/11 v25.17 The multilingual framework for LuaLaTeX, pdfLa
TeX and XeLaTeX
\babel@savecnt=\count284
LaTeX Encoding Info:    Redeclaring text command \ij (encoding OT1) on input li
ne 2068.
LaTeX Encoding Info:    Redeclaring text command \IJ (encoding OT1) on input li
ne 2070.
LaTeX Encoding Info:    Redeclaring text command \ij (encoding T1) on input lin
e 2072.
LaTeX Encoding Info:    Redeclaring text command \IJ (encoding T1) on input lin
e 2073.
LaTeX Encoding Info:    Ignoring declaration for text command \ij (encoding ?) 
on input line 2074.
LaTeX Encoding Info:    Ignoring declaration for text command \IJ (encoding ?) 
on input line 2076.
LaTeX Encoding Info:    Ignoring declaration for text command \SS (encoding ?) 
on input line 2101.
\U@D=\dimen157
\l@unhyphenated=\language79

(C:\Users\LarkBox\AppData\Local\Programs\MiKTeX\tex/generic/babel\xebabel.def)
\bbl@readstream=\read2
\bbl@dirlevel=\count285
Package babel Info: Configuration files are deprecated, as
(babel)             they can break document portability.
(babel)             Reported on input line 4196.

*************************************
* Local config file bblopts.cfg used
*
(C:\Users\LarkBox\AppData\Local\Programs\MiKTeX\tex/latex/arabi\bblopts.cfg
File: bblopts.cfg 2005/09/08 v0.1 add Arabic and Farsi to "declared" options of
 babel
)
(C:\Users\LarkBox\AppData\Local\Programs\MiKTeX\tex/generic/babel/locale/en\bab
el-english.tex)
(C:\Users\LarkBox\AppData\Local\Programs\MiKTeX\tex/generic/babel/locale/es\bab
el-spanish.tex)
Package babel Info: Importing font and identification data for english
(babel)             from babel-en.ini. Reported on input line 4320.

(C:\Users\LarkBox\AppData\Local\Programs\MiKTeX\tex/latex/babel-english\english
.ldf
Language: english 2017/06/06 v3.3r English support from the babel system
Package babel Info: Hyphen rules for 'canadian' set to \l@english
(babel)             (\language0). Reported on input line 102.
Package babel Info: Hyphen rules for 'australian' set to \l@ukenglish
(babel)             (\language73). Reported on input line 105.
Package babel Info: Hyphen rules for 'newzealand' set to \l@ukenglish
(babel)             (\language73). Reported on input line 108.
)
Package babel Info: Importing font and identification data for spanish
(babel)             from babel-es.ini. Reported on input line 4320.

(C:\Users\LarkBox\AppData\Local\Programs\MiKTeX\tex/latex/babel-spanish\spanish
.ldf
Language: spanish.ldf 2021/05/27 v5.0q Spanish support from the babel system
\es@quottoks=\toks22
\es@quotdepth=\count286
Package babel Info: Making " an active character on input line 570.
Package babel Info: Making . an active character on input line 675.
Package babel Info: Making < an active character on input line 722.
Package babel Info: Making > an active character on input line 722.
))
LaTeX Encoding Info:    Redeclaring text command \guillemotleft (encoding OT1) 
on input line 13.
LaTeX Encoding Info:    Redeclaring text command \guillemotright (encoding OT1)
 on input line 13.

(C:\Users\LarkBox\AppData\Local\Programs\MiKTeX\tex/latex/psnfss\mathptmx.sty
Package: mathptmx 2020/03/25 PSNFSS-v9.3 Times w/ Math, improved (SPQR, WaS) 
LaTeX Font Info:    Redeclaring symbol font `operators' on input line 28.
LaTeX Font Info:    Overwriting symbol font `operators' in version `normal'
(Font)                  OT1/cmr/m/n --> OT1/ztmcm/m/n on input line 28.
LaTeX Font Info:    Overwriting symbol font `operators' in version `bold'
(Font)                  OT1/cmr/bx/n --> OT1/ztmcm/m/n on input line 28.
LaTeX Font Info:    Redeclaring symbol font `letters' on input line 29.
LaTeX Font Info:    Overwriting symbol font `letters' in version `normal'
(Font)                  OML/cmm/m/it --> OML/ztmcm/m/it on input line 29.
LaTeX Font Info:    Overwriting symbol font `letters' in version `bold'
(Font)                  OML/cmm/b/it --> OML/ztmcm/m/it on input line 29.
LaTeX Font Info:    Redeclaring symbol font `symbols' on input line 30.
LaTeX Font Info:    Overwriting symbol font `symbols' in version `normal'
(Font)                  OMS/cmsy/m/n --> OMS/ztmcm/m/n on input line 30.
LaTeX Font Info:    Overwriting symbol font `symbols' in version `bold'
(Font)                  OMS/cmsy/b/n --> OMS/ztmcm/m/n on input line 30.
LaTeX Font Info:    Redeclaring symbol font `largesymbols' on input line 31.
LaTeX Font Info:    Overwriting symbol font `largesymbols' in version `normal'
(Font)                  OMX/cmex/m/n --> OMX/ztmcm/m/n on input line 31.
LaTeX Font Info:    Overwriting symbol font `largesymbols' in version `bold'
(Font)                  OMX/cmex/m/n --> OMX/ztmcm/m/n on input line 31.
\symbold=\mathgroup4
\symitalic=\mathgroup5
LaTeX Font Info:    Redeclaring math alphabet \mathbf on input line 34.
LaTeX Font Info:    Overwriting math alphabet `\mathbf' in version `normal'
(Font)                  OT1/cmr/bx/n --> OT1/ptm/bx/n on input line 34.
LaTeX Font Info:    Overwriting math alphabet `\mathbf' in version `bold'
(Font)                  OT1/cmr/bx/n --> OT1/ptm/bx/n on input line 34.
LaTeX Font Info:    Redeclaring math alphabet \mathit on input line 35.
LaTeX Font Info:    Overwriting math alphabet `\mathit' in version `normal'
(Font)                  OT1/cmr/m/it --> OT1/ptm/m/it on input line 35.
LaTeX Font Info:    Overwriting math alphabet `\mathit' in version `bold'
(Font)                  OT1/cmr/bx/it --> OT1/ptm/m/it on input line 35.
LaTeX Info: Redefining \hbar on input line 50.
)
(C:\Users\LarkBox\AppData\Local\Programs\MiKTeX\tex/latex/layouts\layouts.sty
Package: layouts 2009/09/02 v2.6d graphical depiction of document elements
\l@ylen=\skip70
\layoutsbox=\box53
\l@youtunitlength=\skip71
\l@youtlinethick=\skip72
\l@youtlinethickii=\skip73
\l@ysetupparskip=\skip74
\l@ysetupbaselineskip=\skip75
\l@yonem=\skip76
\l@yonex=\skip77
\l@ylmarg=\skip78
\l@yrmarg=\skip79
\l@yitmindent=\skip80
\l@ylblwidth=\skip81
\l@ylblsep=\skip82
\l@ylparindent=\skip83
\l@ytsep=\skip84
\l@ypskip=\skip85
\l@yptsep=\skip86
\l@ypsep=\skip87
\l@yitmsep=\skip88
\l@ytok=\toks23
\l@youtpw=\count287
\l@youtph=\count288
\l@youthpi=\count289
\l@youthpii=\count290
\l@youthpiii=\count291
\l@youthpiv=\count292
\l@youthpv=\count293
\l@youthpvi=\count294
\l@youthpvii=\count295
\l@youtparskip=\count296
\l@youtvpi=\count297
\l@youtvpii=\count298
\l@youtvpiii=\count299
\l@youtvpiv=\count300
\l@youtvpv=\count301
\l@youtvpvi=\count302
\l@youtvpvii=\count303
\l@youthdo=\count304
\l@youthdi=\count305
\l@youthdii=\count306
\l@youthdiii=\count307
\l@youthdiv=\count308
\l@youthdv=\count309
\l@youthdvi=\count310
\l@youthdvii=\count311
\l@youtvdo=\count312
\l@youtvdi=\count313
\l@youtvdii=\count314
\l@youtvdiii=\count315
\l@youtvdiv=\count316
\l@youtvdv=\count317
\l@youtvdvi=\count318
\l@youtvdvii=\count319
\l@youtvdviii=\count320
\l@youtxci=\count321
\l@youtxcii=\count322
\l@youtxciii=\count323
\l@youtxciv=\count324
\l@youtxcv=\count325
\l@youtxcvi=\count326
\l@youtyci=\count327
\l@youtycii=\count328
\l@youtyciii=\count329
\l@youtyciv=\count330
\l@youtycv=\count331
\l@youtycvi=\count332
\l@youtycvii=\count333
\l@youtycviii=\count334
\l@youtxco=\count335
\l@youtyco=\count336
\l@ytempdima=\skip89
\trimedge=\skip90
\trimtop=\skip91
\uppermargin=\skip92
\spinemargin=\skip93
)
(C:\Users\LarkBox\AppData\Local\Programs\MiKTeX\tex/latex/fontspec\fontspec.sty

(C:\Users\LarkBox\AppData\Local\Programs\MiKTeX\tex/latex/l3packages/xparse\xpa
rse.sty
(C:\Users\LarkBox\AppData\Local\Programs\MiKTeX\tex/latex/l3kernel\expl3.sty
Package: expl3 2025-12-24 L3 programming layer (loader) 

(C:\Users\LarkBox\AppData\Local\Programs\MiKTeX\tex/latex/l3backend\l3backend-x
etex.def
File: l3backend-xetex.def 2025-10-09 L3 backend support: XeTeX
\g__graphics_track_int=\count337
\g__pdfannot_backend_int=\count338
\g__pdfannot_backend_link_int=\count339
))
Package: xparse 2025-10-09 L3 Experimental document command parser
)
Package: fontspec 2025/09/29 v2.9g Font selection for XeLaTeX and LuaLaTeX

(C:\Users\LarkBox\AppData\Local\Programs\MiKTeX\tex/latex/fontspec\fontspec-xet
ex.sty
Package: fontspec-xetex 2025/09/29 v2.9g Font selection for XeLaTeX and LuaLaTe
X
\l__fontspec_script_int=\count340
\l__fontspec_language_int=\count341
\l__fontspec_strnum_int=\count342
\l__fontspec_tmp_int=\count343
\l__fontspec_tmpa_int=\count344
\l__fontspec_tmpb_int=\count345
\l__fontspec_tmpc_int=\count346
\l__fontspec_em_int=\count347
\l__fontspec_emdef_int=\count348
\l__fontspec_strong_int=\count349
\l__fontspec_strongdef_int=\count350
\l__fontspec_tmpa_dim=\dimen158
\l__fontspec_tmpb_dim=\dimen159
\l__fontspec_tmpc_dim=\dimen160

(C:\Users\LarkBox\AppData\Local\Programs\MiKTeX\tex/latex/base\fontenc.sty
Package: fontenc 2025/07/18 v2.1d Standard LaTeX package
)
(C:\Users\LarkBox\AppData\Local\Programs\MiKTeX\tex/latex/fontspec\fontspec.cfg
)))
(C:\Users\LarkBox\AppData\Local\Programs\MiKTeX\tex/latex/amsfonts\amssymb.sty
Package: amssymb 2013/01/14 v3.01 AMS font symbols

(C:\Users\LarkBox\AppData\Local\Programs\MiKTeX\tex/latex/amsfonts\amsfonts.sty
Package: amsfonts 2013/01/14 v3.01 Basic AMSFonts support
\@emptytoks=\toks24
\symAMSa=\mathgroup6
\symAMSb=\mathgroup7
LaTeX Font Info:    Overwriting math alphabet `\mathfrak' in version `bold'
(Font)                  U/euf/m/n --> U/euf/b/n on input line 106.
))
(C:\Users\LarkBox\AppData\Local\Programs\MiKTeX\tex/latex/graphics\graphicx.sty
Package: graphicx 2024/12/31 v1.2e Enhanced LaTeX Graphics (DPC,SPQR)

(C:\Users\LarkBox\AppData\Local\Programs\MiKTeX\tex/latex/graphics\graphics.sty
Package: graphics 2024/08/06 v1.4g Standard LaTeX Graphics (DPC,SPQR)
(C:\Users\LarkBox\AppData\Local\Programs\MiKTeX\tex/latex/graphics\trig.sty
Package: trig 2023/12/02 v1.11 sin cos tan (DPC)
)
(C:\Users\LarkBox\AppData\Local\Programs\MiKTeX\tex/latex/graphics-cfg\graphics
.cfg
File: graphics.cfg 2016/06/04 v1.11 sample graphics configuration
)
Package graphics Info: Driver file: xetex.def on input line 106.

(C:\Users\LarkBox\AppData\Local\Programs\MiKTeX\tex/latex/graphics-def\xetex.de
f
File: xetex.def 2025/11/01 v5.0p Graphics/color driver for xetex
))
\Gin@req@height=\dimen161
\Gin@req@width=\dimen162
)
(C:\Users\LarkBox\AppData\Local\Programs\MiKTeX\tex/latex/changepage\changepage
.sty
Package: changepage 2009/10/20 v1.0c check page and change page layout
\c@cp@cntr=\count351
\cp@tempcnt=\count352
)

Package fontspec Info: 
(fontspec)             Font family 'Arial(0)' created for font 'Arial' with
(fontspec)             options [Ligatures=TeX].
(fontspec)              
(fontspec)              This font family consists of the following NFSS
(fontspec)             series/shapes:
(fontspec)              
(fontspec)             - 'normal' (m/n) with NFSS spec.:
(fontspec)             <->"Arial/OT:script=latn;language=dflt;mapping=tex-text;
"
(fontspec)             - 'small caps'  (m/sc) with NFSS spec.:
(fontspec)             <->"Arial/OT:script=latn;language=dflt;+smcp;mapping=tex
-text;"
(fontspec)             - 'bold' (b/n) with NFSS spec.:
(fontspec)             <->"Arial/B/OT:script=latn;language=dflt;mapping=tex-tex
t;"
(fontspec)             - 'bold small caps'  (b/sc) with NFSS spec.:
(fontspec)             <->"Arial/B/OT:script=latn;language=dflt;+smcp;mapping=t
ex-text;"
(fontspec)             - 'italic' (m/it) with NFSS spec.:
(fontspec)             <->"Arial/I/OT:script=latn;language=dflt;mapping=tex-tex
t;"
(fontspec)             - 'italic small caps'  (m/scit) with NFSS spec.:
(fontspec)             <->"Arial/I/OT:script=latn;language=dflt;+smcp;mapping=t
ex-text;"
(fontspec)             - 'bold italic' (b/it) with NFSS spec.:
(fontspec)             <->"Arial/BI/OT:script=latn;language=dflt;mapping=tex-te
xt;"
(fontspec)             - 'bold italic small caps'  (b/scit) with NFSS spec.:
(fontspec)             <->"Arial/BI/OT:script=latn;language=dflt;+smcp;mapping=
tex-text;"


(C:\Users\LarkBox\AppData\Local\Programs\MiKTeX\tex/latex/setspace\setspace.sty
Package: setspace 2022/12/04 v6.7b set line spacing
) (C:\Users\LarkBox\AppData\Local\Programs\MiKTeX\tex/latex/lipsum\lipsum.sty
(C:\Users\LarkBox\AppData\Local\Programs\MiKTeX\tex/latex/l3packages/l3keys2e\l
3keys2e.sty
Package: l3keys2e 2025-10-09 LaTeX2e option processing using LaTeX3 keys
)
Package: lipsum 2021-09-20 v2.7 150 paragraphs of Lorem Ipsum dummy text
\g__lipsum_par_int=\count353
\l__lipsum_a_int=\count354
\l__lipsum_b_int=\count355

(C:\Users\LarkBox\AppData\Local\Programs\MiKTeX\tex/latex/lipsum\lipsum.ltd.tex
))
(C:\Users\LarkBox\AppData\Local\Programs\MiKTeX\tex/latex/titlesec\titlesec.sty
Package: titlesec 2025/01/04 v2.17 Sectioning titles
\ttl@box=\box54
\beforetitleunit=\skip94
\aftertitleunit=\skip95
\ttl@plus=\dimen163
\ttl@minus=\dimen164
\ttl@toksa=\toks25
\titlewidth=\dimen165
\titlewidthlast=\dimen166
\titlewidthfirst=\dimen167
) (C:\Users\LarkBox\AppData\Local\Programs\MiKTeX\tex/latex/tocloft\tocloft.sty
Package: tocloft 2026-08-21 v3.0b parameterised ToC, etc., typesetting

(C:\Users\LarkBox\AppData\Local\Programs\MiKTeX\tex/latex/etoolbox\etoolbox.sty
Package: etoolbox 2025/10/02 v2.5m e-TeX tools for LaTeX (JAW)
\etb@tempcnta=\count356
)
Package tocloft Info: The document has chapter divisions on input line 64.
\cftparskip=\skip96
\cftbeforetoctitleskip=\skip97
\cftaftertoctitleskip=\skip98
\cftbeforepartskip=\skip99
\cftpartnumwidth=\skip100
\cftpartindent=\skip101
\cftbeforechapskip=\skip102
\cftchapindent=\skip103
\cftchapnumwidth=\skip104
\cftbeforesecskip=\skip105
\cftsecindent=\skip106
\cftsecnumwidth=\skip107
\cftbeforesubsecskip=\skip108
\cftsubsecindent=\skip109
\cftsubsecnumwidth=\skip110
\cftbeforesubsubsecskip=\skip111
\cftsubsubsecindent=\skip112
\cftsubsubsecnumwidth=\skip113
\cftbeforeparaskip=\skip114
\cftparaindent=\skip115
\cftparanumwidth=\skip116
\cftbeforesubparaskip=\skip117
\cftsubparaindent=\skip118
\cftsubparanumwidth=\skip119
\cftbeforeloftitleskip=\skip120
\cftafterloftitleskip=\skip121
\cftbeforefigskip=\skip122
\cftfigindent=\skip123
\cftfignumwidth=\skip124
\c@lofdepth=\count357
\c@lotdepth=\count358
\cftbeforelottitleskip=\skip125
\cftafterlottitleskip=\skip126
\cftbeforetabskip=\skip127
\cfttabindent=\skip128
\cfttabnumwidth=\skip129
)
(C:\Users\LarkBox\AppData\Local\Programs\MiKTeX\tex/latex/hyperref\hyperref.sty
Package: hyperref 2025-07-12 v7.01o Hypertext links for LaTeX

(C:\Users\LarkBox\AppData\Local\Programs\MiKTeX\tex/latex/kvsetkeys\kvsetkeys.s
ty
Package: kvsetkeys 2022-10-05 v1.19 Key value parser (HO)
)
(C:\Users\LarkBox\AppData\Local\Programs\MiKTeX\tex/generic/kvdefinekeys\kvdefi
nekeys.sty
Package: kvdefinekeys 2019-12-19 v1.6 Define keys (HO)
)
(C:\Users\LarkBox\AppData\Local\Programs\MiKTeX\tex/generic/pdfescape\pdfescape
.sty
Package: pdfescape 2019/12/09 v1.15 Implements pdfTeX's escape features (HO)

(C:\Users\LarkBox\AppData\Local\Programs\MiKTeX\tex/generic/ltxcmds\ltxcmds.sty
Package: ltxcmds 2023-12-04 v1.26 LaTeX kernel commands for general use (HO)
)
(C:\Users\LarkBox\AppData\Local\Programs\MiKTeX\tex/generic/pdftexcmds\pdftexcm
ds.sty
Package: pdftexcmds 2020-06-27 v0.33 Utility functions of pdfTeX for LuaTeX (HO
)

(C:\Users\LarkBox\AppData\Local\Programs\MiKTeX\tex/generic/infwarerr\infwarerr
.sty
Package: infwarerr 2019/12/03 v1.5 Providing info/warning/error messages (HO)
)
Package pdftexcmds Info: \pdf@primitive is available.
Package pdftexcmds Info: \pdf@ifprimitive is available.
Package pdftexcmds Info: \pdfdraftmode not found.
))
(C:\Users\LarkBox\AppData\Local\Programs\MiKTeX\tex/latex/hycolor\hycolor.sty
Package: hycolor 2020-01-27 v1.10 Color options for hyperref/bookmark (HO)
)
(C:\Users\LarkBox\AppData\Local\Programs\MiKTeX\tex/latex/hyperref\nameref.sty
Package: nameref 2025-06-21 v2.57 Cross-referencing by name of section

(C:\Users\LarkBox\AppData\Local\Programs\MiKTeX\tex/latex/refcount\refcount.sty
Package: refcount 2019/12/15 v3.6 Data extraction from label references (HO)
)
(C:\Users\LarkBox\AppData\Local\Programs\MiKTeX\tex/generic/gettitlestring\gett
itlestring.sty
Package: gettitlestring 2019/12/15 v1.6 Cleanup title references (HO)

(C:\Users\LarkBox\AppData\Local\Programs\MiKTeX\tex/latex/kvoptions\kvoptions.s
ty
Package: kvoptions 2022-06-15 v3.15 Key value format for package options (HO)
))
\c@section@level=\count359
)
(C:\Users\LarkBox\AppData\Local\Programs\MiKTeX\tex/generic/stringenc\stringenc
.sty
Package: stringenc 2019/11/29 v1.12 Convert strings between diff. encodings (HO
)
)
\@linkdim=\dimen168
\Hy@linkcounter=\count360
\Hy@pagecounter=\count361

(C:\Users\LarkBox\AppData\Local\Programs\MiKTeX\tex/latex/hyperref\pd1enc.def
File: pd1enc.def 2025-07-12 v7.01o Hyperref: PDFDocEncoding definition (HO)
)
(C:\Users\LarkBox\AppData\Local\Programs\MiKTeX\tex/generic/intcalc\intcalc.sty
Package: intcalc 2019/12/15 v1.3 Expandable calculations with integers (HO)
)
\Hy@SavedSpaceFactor=\count362
 (C:\Users\LarkBox\AppData\Local\Programs\MiKTeX\tex/latex/hyperref\puenc.def
File: puenc.def 2025-07-12 v7.01o Hyperref: PDF Unicode definition (HO)
)
Package hyperref Info: Option `colorlinks' set `true' on input line 4066.
Package hyperref Info: Hyper figures OFF on input line 4195.
Package hyperref Info: Link nesting OFF on input line 4200.
Package hyperref Info: Hyper index ON on input line 4203.
Package hyperref Info: Plain pages OFF on input line 4210.
Package hyperref Info: Backreferencing OFF on input line 4215.
Package hyperref Info: Implicit mode ON; LaTeX internals redefined.
Package hyperref Info: Bookmarks ON on input line 4462.
\c@Hy@tempcnt=\count363
(C:\Users\LarkBox\AppData\Local\Programs\MiKTeX\tex/latex/url\url.sty
\Urlmuskip=\muskip17
Package: url 2013/09/16  ver 3.4  Verb mode for urls, etc.
)
LaTeX Info: Redefining \url on input line 4801.
\XeTeXLinkMargin=\dimen169

(C:\Users\LarkBox\AppData\Local\Programs\MiKTeX\tex/generic/bitset\bitset.sty
Package: bitset 2019/12/09 v1.3 Handle bit-vector datatype (HO)

(C:\Users\LarkBox\AppData\Local\Programs\MiKTeX\tex/generic/bigintcalc\bigintca
lc.sty
Package: bigintcalc 2019/12/15 v1.5 Expandable calculations on big integers (HO
)
))
\Fld@menulength=\count364
\Field@Width=\dimen170
\Fld@charsize=\dimen171
Package hyperref Info: Hyper figures OFF on input line 6078.
Package hyperref Info: Link nesting OFF on input line 6083.
Package hyperref Info: Hyper index ON on input line 6086.
Package hyperref Info: backreferencing OFF on input line 6093.
Package hyperref Info: Link coloring ON on input line 6096.
Package hyperref Info: Link coloring with OCG OFF on input line 6103.
Package hyperref Info: PDF/A mode OFF on input line 6108.
\Hy@abspage=\count365
\c@Item=\count366
\c@Hfootnote=\count367
)
Package hyperref Info: Driver (autodetected): hxetex.

(C:\Users\LarkBox\AppData\Local\Programs\MiKTeX\tex/latex/hyperref\hxetex.def
File: hxetex.def 2025-07-12 v7.01o Hyperref driver for XeTeX
\pdfm@box=\box55
\c@Hy@AnnotLevel=\count368
\HyField@AnnotCount=\count369
\Fld@listcount=\count370
\c@bookmark@seq@number=\count371

(C:\Users\LarkBox\AppData\Local\Programs\MiKTeX\tex/latex/rerunfilecheck\rerunf
ilecheck.sty
Package: rerunfilecheck 2025-06-21 v1.11 Rerun checks for auxiliary files (HO)

(C:\Users\LarkBox\AppData\Local\Programs\MiKTeX\tex/generic/uniquecounter\uniqu
ecounter.sty
Package: uniquecounter 2019/12/15 v1.4 Provide unlimited unique counter (HO)
)
Package uniquecounter Info: New unique counter `rerunfilecheck' on input line 2
84.
)
\Hy@SectionHShift=\skip130
)
(C:\Users\LarkBox\AppData\Local\Programs\MiKTeX\tex/latex/unicode-math\unicode-
math.sty
Package: unicode-math 2023/08/13 v0.8r Unicode maths in XeLaTeX and LuaLaTeX

(C:\Users\LarkBox\AppData\Local\Programs\MiKTeX\tex/latex/unicode-math\unicode-
math-xetex.sty
Package: unicode-math-xetex 2023/08/13 v0.8r Unicode maths in XeLaTeX and LuaLa
TeX

(C:\Users\LarkBox\AppData\Local\Programs\MiKTeX\tex/latex/base\fix-cm.sty
Package: fix-cm 2020/11/24 v1.1t fixes to LaTeX

(C:\Users\LarkBox\AppData\Local\Programs\MiKTeX\tex/latex/base\ts1enc.def
File: ts1enc.def 2001/06/05 v3.0e (jk/car/fm) Standard LaTeX file
LaTeX Font Info:    Redeclaring font encoding TS1 on input line 47.
LaTeX Encoding Info:    Redeclaring text command \capitalcedilla (encoding TS1)
 on input line 49.
LaTeX Encoding Info:    Redeclaring text command \capitalogonek (encoding TS1) 
on input line 52.
LaTeX Encoding Info:    Redeclaring text command \capitalgrave (encoding TS1) o
n input line 55.
LaTeX Encoding Info:    Redeclaring text command \capitalacute (encoding TS1) o
n input line 56.
LaTeX Encoding Info:    Redeclaring text command \capitalcircumflex (encoding T
S1) on input line 57.
LaTeX Encoding Info:    Redeclaring text command \capitaltilde (encoding TS1) o
n input line 58.
LaTeX Encoding Info:    Redeclaring text command \capitaldieresis (encoding TS1
) on input line 59.
LaTeX Encoding Info:    Redeclaring text command \capitalhungarumlaut (encoding
 TS1) on input line 60.
LaTeX Encoding Info:    Redeclaring text command \capitalring (encoding TS1) on
 input line 61.
LaTeX Encoding Info:    Redeclaring text command \capitalcaron (encoding TS1) o
n input line 62.
LaTeX Encoding Info:    Redeclaring text command \capitalbreve (encoding TS1) o
n input line 63.
LaTeX Encoding Info:    Redeclaring text command \capitalmacron (encoding TS1) 
on input line 64.
LaTeX Encoding Info:    Redeclaring text command \capitaldotaccent (encoding TS
1) on input line 65.
LaTeX Encoding Info:    Redeclaring text command \t (encoding TS1) on input lin
e 66.
LaTeX Encoding Info:    Redeclaring text command \capitaltie (encoding TS1) on 
input line 67.
LaTeX Encoding Info:    Redeclaring text command \newtie (encoding TS1) on inpu
t line 68.
LaTeX Encoding Info:    Redeclaring text command \capitalnewtie (encoding TS1) 
on input line 69.
LaTeX Encoding Info:    Redeclaring text symbol \textcapitalcompwordmark (encod
ing TS1) on input line 70.
LaTeX Encoding Info:    Redeclaring text symbol \textascendercompwordmark (enco
ding TS1) on input line 71.
LaTeX Encoding Info:    Redeclaring text symbol \textquotestraightbase (encodin
g TS1) on input line 72.
LaTeX Encoding Info:    Redeclaring text symbol \textquotestraightdblbase (enco
ding TS1) on input line 73.
LaTeX Encoding Info:    Redeclaring text symbol \texttwelveudash (encoding TS1)
 on input line 74.
LaTeX Encoding Info:    Redeclaring text symbol \textthreequartersemdash (encod
ing TS1) on input line 75.
LaTeX Encoding Info:    Redeclaring text symbol \textleftarrow (encoding TS1) o
n input line 76.
LaTeX Encoding Info:    Redeclaring text symbol \textrightarrow (encoding TS1) 
on input line 77.
LaTeX Encoding Info:    Redeclaring text symbol \textblank (encoding TS1) on in
put line 78.
LaTeX Encoding Info:    Redeclaring text symbol \textdollar (encoding TS1) on i
nput line 79.
LaTeX Encoding Info:    Redeclaring text symbol \textquotesingle (encoding TS1)
 on input line 80.
LaTeX Encoding Info:    Redeclaring text command \textasteriskcentered (encodin
g TS1) on input line 81.
LaTeX Encoding Info:    Redeclaring text symbol \textdblhyphen (encoding TS1) o
n input line 92.
LaTeX Encoding Info:    Redeclaring text symbol \textfractionsolidus (encoding 
TS1) on input line 93.
LaTeX Encoding Info:    Redeclaring text symbol \textzerooldstyle (encoding TS1
) on input line 94.
LaTeX Encoding Info:    Redeclaring text symbol \textoneoldstyle (encoding TS1)
 on input line 95.
LaTeX Encoding Info:    Redeclaring text symbol \texttwooldstyle (encoding TS1)
 on input line 96.
LaTeX Encoding Info:    Redeclaring text symbol \textthreeoldstyle (encoding TS
1) on input line 97.
LaTeX Encoding Info:    Redeclaring text symbol \textfouroldstyle (encoding TS1
) on input line 98.
LaTeX Encoding Info:    Redeclaring text symbol \textfiveoldstyle (encoding TS1
) on input line 99.
LaTeX Encoding Info:    Redeclaring text symbol \textsixoldstyle (encoding TS1)
 on input line 100.
LaTeX Encoding Info:    Redeclaring text symbol \textsevenoldstyle (encoding TS
1) on input line 101.
LaTeX Encoding Info:    Redeclaring text symbol \texteightoldstyle (encoding TS
1) on input line 102.
LaTeX Encoding Info:    Redeclaring text symbol \textnineoldstyle (encoding TS1
) on input line 103.
LaTeX Encoding Info:    Redeclaring text symbol \textlangle (encoding TS1) on i
nput line 104.
LaTeX Encoding Info:    Redeclaring text symbol \textminus (encoding TS1) on in
put line 105.
LaTeX Encoding Info:    Redeclaring text symbol \textrangle (encoding TS1) on i
nput line 106.
LaTeX Encoding Info:    Redeclaring text symbol \textmho (encoding TS1) on inpu
t line 107.
LaTeX Encoding Info:    Redeclaring text symbol \textbigcircle (encoding TS1) o
n input line 108.
LaTeX Encoding Info:    Redeclaring text command \textcircled (encoding TS1) on
 input line 109.
LaTeX Encoding Info:    Redeclaring text symbol \textohm (encoding TS1) on inpu
t line 115.
LaTeX Encoding Info:    Redeclaring text symbol \textlbrackdbl (encoding TS1) o
n input line 116.
LaTeX Encoding Info:    Redeclaring text symbol \textrbrackdbl (encoding TS1) o
n input line 117.
LaTeX Encoding Info:    Redeclaring text symbol \textuparrow (encoding TS1) on 
input line 118.
LaTeX Encoding Info:    Redeclaring text symbol \textdownarrow (encoding TS1) o
n input line 119.
LaTeX Encoding Info:    Redeclaring text symbol \textasciigrave (encoding TS1) 
on input line 120.
LaTeX Encoding Info:    Redeclaring text symbol \textborn (encoding TS1) on inp
ut line 121.
LaTeX Encoding Info:    Redeclaring text symbol \textdivorced (encoding TS1) on
 input line 122.
LaTeX Encoding Info:    Redeclaring text symbol \textdied (encoding TS1) on inp
ut line 123.
LaTeX Encoding Info:    Redeclaring text symbol \textleaf (encoding TS1) on inp
ut line 124.
LaTeX Encoding Info:    Redeclaring text symbol \textmarried (encoding TS1) on 
input line 125.
LaTeX Encoding Info:    Redeclaring text symbol \textmusicalnote (encoding TS1)
 on input line 126.
LaTeX Encoding Info:    Redeclaring text symbol \texttildelow (encoding TS1) on
 input line 127.
LaTeX Encoding Info:    Redeclaring text symbol \textdblhyphenchar (encoding TS
1) on input line 128.
LaTeX Encoding Info:    Redeclaring text symbol \textasciibreve (encoding TS1) 
on input line 129.
LaTeX Encoding Info:    Redeclaring text symbol \textasciicaron (encoding TS1) 
on input line 130.
LaTeX Encoding Info:    Redeclaring text symbol \textacutedbl (encoding TS1) on
 input line 131.
LaTeX Encoding Info:    Redeclaring text symbol \textgravedbl (encoding TS1) on
 input line 132.
LaTeX Encoding Info:    Redeclaring text symbol \textdagger (encoding TS1) on i
nput line 133.
LaTeX Encoding Info:    Redeclaring text symbol \textdaggerdbl (encoding TS1) o
n input line 134.
LaTeX Encoding Info:    Redeclaring text symbol \textbardbl (encoding TS1) on i
nput line 135.
LaTeX Encoding Info:    Redeclaring text symbol \textperthousand (encoding TS1)
 on input line 136.
LaTeX Encoding Info:    Redeclaring text symbol \textbullet (encoding TS1) on i
nput line 137.
LaTeX Encoding Info:    Redeclaring text symbol \textcelsius (encoding TS1) on 
input line 138.
LaTeX Encoding Info:    Redeclaring text symbol \textdollaroldstyle (encoding T
S1) on input line 139.
LaTeX Encoding Info:    Redeclaring text symbol \textcentoldstyle (encoding TS1
) on input line 140.
LaTeX Encoding Info:    Redeclaring text symbol \textflorin (encoding TS1) on i
nput line 141.
LaTeX Encoding Info:    Redeclaring text symbol \textcolonmonetary (encoding TS
1) on input line 142.
LaTeX Encoding Info:    Redeclaring text symbol \textwon (encoding TS1) on inpu
t line 143.
LaTeX Encoding Info:    Redeclaring text symbol \textnaira (encoding TS1) on in
put line 144.
LaTeX Encoding Info:    Redeclaring text symbol \textguarani (encoding TS1) on 
input line 145.
LaTeX Encoding Info:    Redeclaring text symbol \textpeso (encoding TS1) on inp
ut line 146.
LaTeX Encoding Info:    Redeclaring text symbol \textlira (encoding TS1) on inp
ut line 147.
LaTeX Encoding Info:    Redeclaring text symbol \textrecipe (encoding TS1) on i
nput line 148.
LaTeX Encoding Info:    Redeclaring text symbol \textinterrobang (encoding TS1)
 on input line 149.
LaTeX Encoding Info:    Redeclaring text symbol \textinterrobangdown (encoding 
TS1) on input line 150.
LaTeX Encoding Info:    Redeclaring text symbol \textdong (encoding TS1) on inp
ut line 151.
LaTeX Encoding Info:    Redeclaring text symbol \texttrademark (encoding TS1) o
n input line 152.
LaTeX Encoding Info:    Redeclaring text symbol \textpertenthousand (encoding T
S1) on input line 153.
LaTeX Encoding Info:    Redeclaring text symbol \textpilcrow (encoding TS1) on 
input line 154.
LaTeX Encoding Info:    Redeclaring text symbol \textbaht (encoding TS1) on inp
ut line 155.
LaTeX Encoding Info:    Redeclaring text symbol \textnumero (encoding TS1) on i
nput line 156.
LaTeX Encoding Info:    Redeclaring text symbol \textdiscount (encoding TS1) on
 input line 157.
LaTeX Encoding Info:    Redeclaring text symbol \textestimated (encoding TS1) o
n input line 158.
LaTeX Encoding Info:    Redeclaring text symbol \textopenbullet (encoding TS1) 
on input line 159.
LaTeX Encoding Info:    Redeclaring text symbol \textservicemark (encoding TS1)
 on input line 160.
LaTeX Encoding Info:    Redeclaring text symbol \textlquill (encoding TS1) on i
nput line 161.
LaTeX Encoding Info:    Redeclaring text symbol \textrquill (encoding TS1) on i
nput line 162.
LaTeX Encoding Info:    Redeclaring text symbol \textcent (encoding TS1) on inp
ut line 163.
LaTeX Encoding Info:    Redeclaring text symbol \textsterling (encoding TS1) on
 input line 164.
LaTeX Encoding Info:    Redeclaring text symbol \textcurrency (encoding TS1) on
 input line 165.
LaTeX Encoding Info:    Redeclaring text symbol \textyen (encoding TS1) on inpu
t line 166.
LaTeX Encoding Info:    Redeclaring text symbol \textbrokenbar (encoding TS1) o
n input line 167.
LaTeX Encoding Info:    Redeclaring text symbol \textsection (encoding TS1) on 
input line 168.
LaTeX Encoding Info:    Redeclaring text symbol \textasciidieresis (encoding TS
1) on input line 169.
LaTeX Encoding Info:    Redeclaring text symbol \textcopyright (encoding TS1) o
n input line 170.
LaTeX Encoding Info:    Redeclaring text symbol \textordfeminine (encoding TS1)
 on input line 171.
LaTeX Encoding Info:    Redeclaring text symbol \textcopyleft (encoding TS1) on
 input line 172.
LaTeX Encoding Info:    Redeclaring text symbol \textlnot (encoding TS1) on inp
ut line 173.
LaTeX Encoding Info:    Redeclaring text symbol \textcircledP (encoding TS1) on
 input line 174.
LaTeX Encoding Info:    Redeclaring text symbol \textregistered (encoding TS1) 
on input line 175.
LaTeX Encoding Info:    Redeclaring text symbol \textasciimacron (encoding TS1)
 on input line 176.
LaTeX Encoding Info:    Redeclaring text symbol \textdegree (encoding TS1) on i
nput line 177.
LaTeX Encoding Info:    Redeclaring text symbol \textpm (encoding TS1) on input
 line 178.
LaTeX Encoding Info:    Redeclaring text symbol \texttwosuperior (encoding TS1)
 on input line 179.
LaTeX Encoding Info:    Redeclaring text symbol \textthreesuperior (encoding TS
1) on input line 180.
LaTeX Encoding Info:    Redeclaring text symbol \textasciiacute (encoding TS1) 
on input line 181.
LaTeX Encoding Info:    Redeclaring text symbol \textmu (encoding TS1) on input
 line 182.
LaTeX Encoding Info:    Redeclaring text symbol \textparagraph (encoding TS1) o
n input line 183.
LaTeX Encoding Info:    Redeclaring text symbol \textperiodcentered (encoding T
S1) on input line 184.
LaTeX Encoding Info:    Redeclaring text symbol \textreferencemark (encoding TS
1) on input line 185.
LaTeX Encoding Info:    Redeclaring text symbol \textonesuperior (encoding TS1)
 on input line 186.
LaTeX Encoding Info:    Redeclaring text symbol \textordmasculine (encoding TS1
) on input line 187.
LaTeX Encoding Info:    Redeclaring text symbol \textsurd (encoding TS1) on inp
ut line 188.
LaTeX Encoding Info:    Redeclaring text symbol \textonequarter (encoding TS1) 
on input line 189.
LaTeX Encoding Info:    Redeclaring text symbol \textonehalf (encoding TS1) on 
input line 190.
LaTeX Encoding Info:    Redeclaring text symbol \textthreequarters (encoding TS
1) on input line 191.
LaTeX Encoding Info:    Redeclaring text symbol \texteuro (encoding TS1) on inp
ut line 192.
LaTeX Encoding Info:    Redeclaring text symbol \texttimes (encoding TS1) on in
put line 193.
LaTeX Encoding Info:    Redeclaring text symbol \textdiv (encoding TS1) on inpu
t line 194.
))
(C:\Users\LarkBox\AppData\Local\Programs\MiKTeX\tex/latex/amsmath\amsmath.sty
Package: amsmath 2025/07/09 v2.17z AMS math features
\@mathmargin=\skip131

For additional information on amsmath, use the `?' option.
(C:\Users\LarkBox\AppData\Local\Programs\MiKTeX\tex/latex/amsmath\amstext.sty
Package: amstext 2024/11/17 v2.01 AMS text

(C:\Users\LarkBox\AppData\Local\Programs\MiKTeX\tex/latex/amsmath\amsgen.sty
File: amsgen.sty 1999/11/30 v2.0 generic functions
\@emptytoks=\toks26
\ex@=\dimen172
))
(C:\Users\LarkBox\AppData\Local\Programs\MiKTeX\tex/latex/amsmath\amsbsy.sty
Package: amsbsy 1999/11/29 v1.2d Bold Symbols
\pmbraise@=\dimen173
)
(C:\Users\LarkBox\AppData\Local\Programs\MiKTeX\tex/latex/amsmath\amsopn.sty
Package: amsopn 2022/04/08 v2.04 operator names
)
\inf@bad=\count372
LaTeX Info: Redefining \frac on input line 233.
\uproot@=\count373
\leftroot@=\count374
LaTeX Info: Redefining \overline on input line 398.
LaTeX Info: Redefining \colon on input line 409.
\classnum@=\count375
\DOTSCASE@=\count376
LaTeX Info: Redefining \ldots on input line 495.
LaTeX Info: Redefining \dots on input line 498.
LaTeX Info: Redefining \cdots on input line 619.
\Mathstrutbox@=\box56
\strutbox@=\box57
LaTeX Info: Redefining \big on input line 721.
LaTeX Info: Redefining \Big on input line 722.
LaTeX Info: Redefining \bigg on input line 723.
LaTeX Info: Redefining \Bigg on input line 724.
\big@size=\dimen174
LaTeX Font Info:    Redeclaring font encoding OML on input line 742.
LaTeX Font Info:    Redeclaring font encoding OMS on input line 743.
\macc@depth=\count377
LaTeX Info: Redefining \bmod on input line 904.
LaTeX Info: Redefining \pmod on input line 909.
LaTeX Info: Redefining \smash on input line 939.
LaTeX Info: Redefining \relbar on input line 969.
LaTeX Info: Redefining \Relbar on input line 970.
\c@MaxMatrixCols=\count378
\dotsspace@=\muskip18
\c@parentequation=\count379
\dspbrk@lvl=\count380
\tag@help=\toks27
\row@=\count381
\column@=\count382
\maxfields@=\count383
\andhelp@=\toks28
\eqnshift@=\dimen175
\alignsep@=\dimen176
\tagshift@=\dimen177
\tagwidth@=\dimen178
\totwidth@=\dimen179
\lineht@=\dimen180
\@envbody=\toks29
\multlinegap=\skip132
\multlinetaggap=\skip133
\mathdisplay@stack=\toks30
LaTeX Info: Redefining \[ on input line 2950.
LaTeX Info: Redefining \] on input line 2951.
)
\g__um_fam_int=\count384
\g__um_fonts_used_int=\count385
\l__um_primecount_int=\count386
\g__um_primekern_muskip=\muskip19

(C:\Users\LarkBox\AppData\Local\Programs\MiKTeX\tex/latex/unicode-math\unicode-
math-table.tex)))
(C:\Users\LarkBox\AppData\Local\Programs\MiKTeX\tex/latex/multirow\multirow.sty
Package: multirow 2024/11/12 v2.9 Span multiple rows of a table
\multirow@colwidth=\skip134
\multirow@cntb=\count387
\multirow@dima=\skip135
\bigstrutjot=\dimen181
) (C:\Users\LarkBox\AppData\Local\Programs\MiKTeX\tex/latex/tools\array.sty
Package: array 2025/09/25 v2.6n Tabular extension package (FMi)
\col@sep=\dimen182
\ar@mcellbox=\box58
\extrarowheight=\dimen183
\NC@list=\toks31
\extratabsurround=\skip136
\backup@length=\skip137
\ar@cellbox=\box59
)
(C:\Users\LarkBox\AppData\Local\Programs\MiKTeX\tex/latex/caption\subcaption.st
y
Package: subcaption 2023/07/28 v1.6b Sub-captions (AR)
 (C:\Users\LarkBox\AppData\Local\Programs\MiKTeX\tex/latex/caption\caption.sty
Package: caption 2023/08/05 v3.6o Customizing captions (AR)
(C:\Users\LarkBox\AppData\Local\Programs\MiKTeX\tex/latex/caption\caption3.sty
Package: caption3 2023/07/31 v2.4d caption3 kernel (AR)
\caption@tempdima=\dimen184
\captionmargin=\dimen185
\caption@leftmargin=\dimen186
\caption@rightmargin=\dimen187
\caption@width=\dimen188
\caption@indent=\dimen189
\caption@parindent=\dimen190
\caption@hangindent=\dimen191
Package caption Info: Standard document class detected.
)
\c@caption@flags=\count388
\c@continuedfloat=\count389
Package caption Info: changepage package is loaded.
\caption@adjustwidth@hsize=\dimen192
\caption@adjustwidth@linewidth=\dimen193
Package caption Info: hyperref package is loaded.
)
Package caption Info: New subtype `subfigure' on input line 238.
\c@subfigure=\count390
Package caption Info: New subtype `subtable' on input line 238.
\c@subtable=\count391
)
(C:\Users\LarkBox\AppData\Local\Programs\MiKTeX\tex/latex/pgf/frontendlayer\tik
z.sty
(C:\Users\LarkBox\AppData\Local\Programs\MiKTeX\tex/latex/pgf/basiclayer\pgf.st
y
(C:\Users\LarkBox\AppData\Local\Programs\MiKTeX\tex/latex/pgf/utilities\pgfrcs.
sty
(C:\Users\LarkBox\AppData\Local\Programs\MiKTeX\tex/generic/pgf/utilities\pgfut
il-common.tex
\pgfutil@everybye=\toks32
\pgfutil@tempdima=\dimen194
\pgfutil@tempdimb=\dimen195
)
(C:\Users\LarkBox\AppData\Local\Programs\MiKTeX\tex/generic/pgf/utilities\pgfut
il-latex.def
\pgfutil@abb=\box60
)
(C:\Users\LarkBox\AppData\Local\Programs\MiKTeX\tex/generic/pgf/utilities\pgfrc
s.code.tex
(C:\Users\LarkBox\AppData\Local\Programs\MiKTeX\tex/generic/pgf\pgf.revision.te
x)
Package: pgfrcs 2025-08-29 v3.1.11a (3.1.11a)
))
Package: pgf 2025-08-29 v3.1.11a (3.1.11a)

(C:\Users\LarkBox\AppData\Local\Programs\MiKTeX\tex/latex/pgf/basiclayer\pgfcor
e.sty
(C:\Users\LarkBox\AppData\Local\Programs\MiKTeX\tex/latex/pgf/systemlayer\pgfsy
s.sty
(C:\Users\LarkBox\AppData\Local\Programs\MiKTeX\tex/generic/pgf/systemlayer\pgf
sys.code.tex
Package: pgfsys 2025-08-29 v3.1.11a (3.1.11a)

(C:\Users\LarkBox\AppData\Local\Programs\MiKTeX\tex/generic/pgf/utilities\pgfke
ys.code.tex
\pgfkeys@pathtoks=\toks33
\pgfkeys@temptoks=\toks34

(C:\Users\LarkBox\AppData\Local\Programs\MiKTeX\tex/generic/pgf/utilities\pgfke
yslibraryfiltered.code.tex
\pgfkeys@tmptoks=\toks35
))
\pgf@x=\dimen196
\pgf@y=\dimen197
\pgf@xa=\dimen198
\pgf@ya=\dimen199
\pgf@xb=\dimen256
\pgf@yb=\dimen257
\pgf@xc=\dimen258
\pgf@yc=\dimen259
\pgf@xd=\dimen260
\pgf@yd=\dimen261
\w@pgf@writea=\write3
\r@pgf@reada=\read3
\c@pgf@counta=\count392
\c@pgf@countb=\count393
\c@pgf@countc=\count394
\c@pgf@countd=\count395
\t@pgf@toka=\toks36
\t@pgf@tokb=\toks37
\t@pgf@tokc=\toks38
\pgf@sys@id@count=\count396

(C:\Users\LarkBox\AppData\Local\Programs\MiKTeX\tex/generic/pgf/systemlayer\pgf
.cfg
File: pgf.cfg 2025-08-29 v3.1.11a (3.1.11a)
)
Driver file for pgf: pgfsys-xetex.def

(C:\Users\LarkBox\AppData\Local\Programs\MiKTeX\tex/generic/pgf/systemlayer\pgf
sys-xetex.def
File: pgfsys-xetex.def 2025-08-29 v3.1.11a (3.1.11a)

(C:\Users\LarkBox\AppData\Local\Programs\MiKTeX\tex/generic/pgf/systemlayer\pgf
sys-dvipdfmx.def
File: pgfsys-dvipdfmx.def 2025-08-29 v3.1.11a (3.1.11a)

(C:\Users\LarkBox\AppData\Local\Programs\MiKTeX\tex/generic/pgf/systemlayer\pgf
sys-common-pdf.def
File: pgfsys-common-pdf.def 2025-08-29 v3.1.11a (3.1.11a)
)
\pgfsys@objnum=\count397
)))
(C:\Users\LarkBox\AppData\Local\Programs\MiKTeX\tex/generic/pgf/systemlayer\pgf
syssoftpath.code.tex
File: pgfsyssoftpath.code.tex 2025-08-29 v3.1.11a (3.1.11a)
\pgfsyssoftpath@smallbuffer@items=\count398
\pgfsyssoftpath@bigbuffer@items=\count399
)
(C:\Users\LarkBox\AppData\Local\Programs\MiKTeX\tex/generic/pgf/systemlayer\pgf
sysprotocol.code.tex
File: pgfsysprotocol.code.tex 2025-08-29 v3.1.11a (3.1.11a)
))
(C:\Users\LarkBox\AppData\Local\Programs\MiKTeX\tex/latex/xcolor\xcolor.sty
Package: xcolor 2024/09/29 v3.02 LaTeX color extensions (UK)

(C:\Users\LarkBox\AppData\Local\Programs\MiKTeX\tex/latex/graphics-cfg\color.cf
g
File: color.cfg 2016/01/02 v1.6 sample color configuration
)
Package xcolor Info: Driver file: xetex.def on input line 274.

(C:\Users\LarkBox\AppData\Local\Programs\MiKTeX\tex/latex/graphics\mathcolor.lt
x)
Package xcolor Info: Model `cmy' substituted by `cmy0' on input line 1349.
Package xcolor Info: Model `RGB' extended on input line 1365.
Package xcolor Info: Model `HTML' substituted by `rgb' on input line 1367.
Package xcolor Info: Model `Hsb' substituted by `hsb' on input line 1368.
Package xcolor Info: Model `tHsb' substituted by `hsb' on input line 1369.
Package xcolor Info: Model `HSB' substituted by `hsb' on input line 1370.
Package xcolor Info: Model `Gray' substituted by `gray' on input line 1371.
Package xcolor Info: Model `wave' substituted by `hsb' on input line 1372.
)
(C:\Users\LarkBox\AppData\Local\Programs\MiKTeX\tex/generic/pgf/basiclayer\pgfc
ore.code.tex
Package: pgfcore 2025-08-29 v3.1.11a (3.1.11a)

(C:\Users\LarkBox\AppData\Local\Programs\MiKTeX\tex/generic/pgf/math\pgfmath.co
de.tex
(C:\Users\LarkBox\AppData\Local\Programs\MiKTeX\tex/generic/pgf/math\pgfmathuti
l.code.tex)
(C:\Users\LarkBox\AppData\Local\Programs\MiKTeX\tex/generic/pgf/math\pgfmathpar
ser.code.tex
\pgfmath@dimen=\dimen262
\pgfmath@count=\count400
\pgfmath@box=\box61
\pgfmath@toks=\toks39
\pgfmath@stack@operand=\toks40
\pgfmath@stack@operation=\toks41
)
(C:\Users\LarkBox\AppData\Local\Programs\MiKTeX\tex/generic/pgf/math\pgfmathfun
ctions.code.tex)
(C:\Users\LarkBox\AppData\Local\Programs\MiKTeX\tex/generic/pgf/math\pgfmathfun
ctions.basic.code.tex)
(C:\Users\LarkBox\AppData\Local\Programs\MiKTeX\tex/generic/pgf/math\pgfmathfun
ctions.trigonometric.code.tex)
(C:\Users\LarkBox\AppData\Local\Programs\MiKTeX\tex/generic/pgf/math\pgfmathfun
ctions.random.code.tex)
(C:\Users\LarkBox\AppData\Local\Programs\MiKTeX\tex/generic/pgf/math\pgfmathfun
ctions.comparison.code.tex)
(C:\Users\LarkBox\AppData\Local\Programs\MiKTeX\tex/generic/pgf/math\pgfmathfun
ctions.base.code.tex)
(C:\Users\LarkBox\AppData\Local\Programs\MiKTeX\tex/generic/pgf/math\pgfmathfun
ctions.round.code.tex)
(C:\Users\LarkBox\AppData\Local\Programs\MiKTeX\tex/generic/pgf/math\pgfmathfun
ctions.misc.code.tex)
(C:\Users\LarkBox\AppData\Local\Programs\MiKTeX\tex/generic/pgf/math\pgfmathfun
ctions.integerarithmetics.code.tex)
(C:\Users\LarkBox\AppData\Local\Programs\MiKTeX\tex/generic/pgf/math\pgfmathcal
c.code.tex)
(C:\Users\LarkBox\AppData\Local\Programs\MiKTeX\tex/generic/pgf/math\pgfmathflo
at.code.tex
\c@pgfmathroundto@lastzeros=\count401
))
(C:\Users\LarkBox\AppData\Local\Programs\MiKTeX\tex/generic/pgf/math\pgfint.cod
e.tex)
(C:\Users\LarkBox\AppData\Local\Programs\MiKTeX\tex/generic/pgf/basiclayer\pgfc
orepoints.code.tex
File: pgfcorepoints.code.tex 2025-08-29 v3.1.11a (3.1.11a)
\pgf@picminx=\dimen263
\pgf@picmaxx=\dimen264
\pgf@picminy=\dimen265
\pgf@picmaxy=\dimen266
\pgf@pathminx=\dimen267
\pgf@pathmaxx=\dimen268
\pgf@pathminy=\dimen269
\pgf@pathmaxy=\dimen270
\pgf@xx=\dimen271
\pgf@xy=\dimen272
\pgf@yx=\dimen273
\pgf@yy=\dimen274
\pgf@zx=\dimen275
\pgf@zy=\dimen276
)
(C:\Users\LarkBox\AppData\Local\Programs\MiKTeX\tex/generic/pgf/basiclayer\pgfc
orepathconstruct.code.tex
File: pgfcorepathconstruct.code.tex 2025-08-29 v3.1.11a (3.1.11a)
\pgf@path@lastx=\dimen277
\pgf@path@lasty=\dimen278
)
(C:\Users\LarkBox\AppData\Local\Programs\MiKTeX\tex/generic/pgf/basiclayer\pgfc
orepathusage.code.tex
File: pgfcorepathusage.code.tex 2025-08-29 v3.1.11a (3.1.11a)
\pgf@shorten@end@additional=\dimen279
\pgf@shorten@start@additional=\dimen280
)
(C:\Users\LarkBox\AppData\Local\Programs\MiKTeX\tex/generic/pgf/basiclayer\pgfc
orescopes.code.tex
File: pgfcorescopes.code.tex 2025-08-29 v3.1.11a (3.1.11a)
\pgfpic=\box62
\pgf@hbox=\box63
\pgf@layerbox@main=\box64
\pgf@picture@serial@count=\count402
)
(C:\Users\LarkBox\AppData\Local\Programs\MiKTeX\tex/generic/pgf/basiclayer\pgfc
oregraphicstate.code.tex
File: pgfcoregraphicstate.code.tex 2025-08-29 v3.1.11a (3.1.11a)
\pgflinewidth=\dimen281
)
(C:\Users\LarkBox\AppData\Local\Programs\MiKTeX\tex/generic/pgf/basiclayer\pgfc
oretransformations.code.tex
File: pgfcoretransformations.code.tex 2025-08-29 v3.1.11a (3.1.11a)
\pgf@pt@x=\dimen282
\pgf@pt@y=\dimen283
\pgf@pt@temp=\dimen284
)
(C:\Users\LarkBox\AppData\Local\Programs\MiKTeX\tex/generic/pgf/basiclayer\pgfc
orequick.code.tex
File: pgfcorequick.code.tex 2025-08-29 v3.1.11a (3.1.11a)
)
(C:\Users\LarkBox\AppData\Local\Programs\MiKTeX\tex/generic/pgf/basiclayer\pgfc
oreobjects.code.tex
File: pgfcoreobjects.code.tex 2025-08-29 v3.1.11a (3.1.11a)
)
(C:\Users\LarkBox\AppData\Local\Programs\MiKTeX\tex/generic/pgf/basiclayer\pgfc
orepathprocessing.code.tex
File: pgfcorepathprocessing.code.tex 2025-08-29 v3.1.11a (3.1.11a)
)
(C:\Users\LarkBox\AppData\Local\Programs\MiKTeX\tex/generic/pgf/basiclayer\pgfc
orearrows.code.tex
File: pgfcorearrows.code.tex 2025-08-29 v3.1.11a (3.1.11a)
\pgfarrowsep=\dimen285
)
(C:\Users\LarkBox\AppData\Local\Programs\MiKTeX\tex/generic/pgf/basiclayer\pgfc
oreshade.code.tex
File: pgfcoreshade.code.tex 2025-08-29 v3.1.11a (3.1.11a)
\pgf@max=\dimen286
\pgf@sys@shading@range@num=\count403
\pgf@shadingcount=\count404
)
(C:\Users\LarkBox\AppData\Local\Programs\MiKTeX\tex/generic/pgf/basiclayer\pgfc
oreimage.code.tex
File: pgfcoreimage.code.tex 2025-08-29 v3.1.11a (3.1.11a)
)
(C:\Users\LarkBox\AppData\Local\Programs\MiKTeX\tex/generic/pgf/basiclayer\pgfc
oreexternal.code.tex
File: pgfcoreexternal.code.tex 2025-08-29 v3.1.11a (3.1.11a)
\pgfexternal@startupbox=\box65
)
(C:\Users\LarkBox\AppData\Local\Programs\MiKTeX\tex/generic/pgf/basiclayer\pgfc
orelayers.code.tex
File: pgfcorelayers.code.tex 2025-08-29 v3.1.11a (3.1.11a)
)
(C:\Users\LarkBox\AppData\Local\Programs\MiKTeX\tex/generic/pgf/basiclayer\pgfc
oretransparency.code.tex
File: pgfcoretransparency.code.tex 2025-08-29 v3.1.11a (3.1.11a)
)
(C:\Users\LarkBox\AppData\Local\Programs\MiKTeX\tex/generic/pgf/basiclayer\pgfc
orepatterns.code.tex
File: pgfcorepatterns.code.tex 2025-08-29 v3.1.11a (3.1.11a)
)
(C:\Users\LarkBox\AppData\Local\Programs\MiKTeX\tex/generic/pgf/basiclayer\pgfc
orerdf.code.tex
File: pgfcorerdf.code.tex 2025-08-29 v3.1.11a (3.1.11a)
)))
(C:\Users\LarkBox\AppData\Local\Programs\MiKTeX\tex/generic/pgf/modules\pgfmodu
leshapes.code.tex
File: pgfmoduleshapes.code.tex 2025-08-29 v3.1.11a (3.1.11a)
\pgfnodeparttextbox=\box66
)
(C:\Users\LarkBox\AppData\Local\Programs\MiKTeX\tex/generic/pgf/modules\pgfmodu
leplot.code.tex
File: pgfmoduleplot.code.tex 2025-08-29 v3.1.11a (3.1.11a)
)
(C:\Users\LarkBox\AppData\Local\Programs\MiKTeX\tex/latex/pgf/compatibility\pgf
comp-version-0-65.sty
Package: pgfcomp-version-0-65 2025-08-29 v3.1.11a (3.1.11a)
\pgf@nodesepstart=\dimen287
\pgf@nodesepend=\dimen288
)
(C:\Users\LarkBox\AppData\Local\Programs\MiKTeX\tex/latex/pgf/compatibility\pgf
comp-version-1-18.sty
Package: pgfcomp-version-1-18 2025-08-29 v3.1.11a (3.1.11a)
))
(C:\Users\LarkBox\AppData\Local\Programs\MiKTeX\tex/latex/pgf/utilities\pgffor.
sty
(C:\Users\LarkBox\AppData\Local\Programs\MiKTeX\tex/latex/pgf/utilities\pgfkeys
.sty
(C:\Users\LarkBox\AppData\Local\Programs\MiKTeX\tex/generic/pgf/utilities\pgfke
ys.code.tex))
(C:\Users\LarkBox\AppData\Local\Programs\MiKTeX\tex/latex/pgf/math\pgfmath.sty
(C:\Users\LarkBox\AppData\Local\Programs\MiKTeX\tex/generic/pgf/math\pgfmath.co
de.tex))
(C:\Users\LarkBox\AppData\Local\Programs\MiKTeX\tex/generic/pgf/utilities\pgffo
r.code.tex
Package: pgffor 2025-08-29 v3.1.11a (3.1.11a)
\pgffor@iter=\dimen289
\pgffor@skip=\dimen290
\pgffor@stack=\toks42
\pgffor@toks=\toks43
))
(C:\Users\LarkBox\AppData\Local\Programs\MiKTeX\tex/generic/pgf/frontendlayer/t
ikz\tikz.code.tex
Package: tikz 2025-08-29 v3.1.11a (3.1.11a)

(C:\Users\LarkBox\AppData\Local\Programs\MiKTeX\tex/generic/pgf/libraries\pgfli
braryplothandlers.code.tex
File: pgflibraryplothandlers.code.tex 2025-08-29 v3.1.11a (3.1.11a)
\pgf@plot@mark@count=\count405
\pgfplotmarksize=\dimen291
)
\tikz@lastx=\dimen292
\tikz@lasty=\dimen293
\tikz@lastxsaved=\dimen294
\tikz@lastysaved=\dimen295
\tikz@lastmovetox=\dimen296
\tikz@lastmovetoy=\dimen297
\tikzleveldistance=\dimen298
\tikzsiblingdistance=\dimen299
\tikz@figbox=\box67
\tikz@figbox@bg=\box68
\tikz@tempbox=\box69
\tikz@tempbox@bg=\box70
\tikztreelevel=\count406
\tikznumberofchildren=\count407
\tikznumberofcurrentchild=\count408
\tikz@fig@count=\count409

(C:\Users\LarkBox\AppData\Local\Programs\MiKTeX\tex/generic/pgf/modules\pgfmodu
lematrix.code.tex
File: pgfmodulematrix.code.tex 2025-08-29 v3.1.11a (3.1.11a)
\pgfmatrixcurrentrow=\count410
\pgfmatrixcurrentcolumn=\count411
\pgf@matrix@numberofcolumns=\count412
)
\tikz@expandcount=\count413

(C:\Users\LarkBox\AppData\Local\Programs\MiKTeX\tex/generic/pgf/frontendlayer/t
ikz/libraries\tikzlibrarytopaths.code.tex
File: tikzlibrarytopaths.code.tex 2025-08-29 v3.1.11a (3.1.11a)
)))
(C:\Users\LarkBox\AppData\Local\Programs\MiKTeX\tex/generic/pgf/frontendlayer/t
ikz/libraries\tikzlibrarycalc.code.tex
File: tikzlibrarycalc.code.tex 2025-08-29 v3.1.11a (3.1.11a)
)
(C:\Users\LarkBox\AppData\Local\Programs\MiKTeX\tex/generic/pgf/frontendlayer/t
ikz/libraries\tikzlibrarypositioning.code.tex
File: tikzlibrarypositioning.code.tex 2025-08-29 v3.1.11a (3.1.11a)
)
(C:\Users\LarkBox\AppData\Local\Programs\MiKTeX\tex/generic/pgf/frontendlayer/t
ikz/libraries\tikzlibraryshapes.geometric.code.tex
File: tikzlibraryshapes.geometric.code.tex 2025-08-29 v3.1.11a (3.1.11a)

(C:\Users\LarkBox\AppData\Local\Programs\MiKTeX\tex/generic/pgf/libraries/shape
s\pgflibraryshapes.geometric.code.tex
File: pgflibraryshapes.geometric.code.tex 2025-08-29 v3.1.11a (3.1.11a)
))
(C:\Users\LarkBox\AppData\Local\Programs\MiKTeX\tex/generic/pgf/frontendlayer/t
ikz/libraries\tikzlibraryshapes.symbols.code.tex
File: tikzlibraryshapes.symbols.code.tex 2025-08-29 v3.1.11a (3.1.11a)

(C:\Users\LarkBox\AppData\Local\Programs\MiKTeX\tex/generic/pgf/libraries/shape
s\pgflibraryshapes.symbols.code.tex
File: pgflibraryshapes.symbols.code.tex 2025-08-29 v3.1.11a (3.1.11a)
))
(C:\Users\LarkBox\AppData\Local\Programs\MiKTeX\tex/generic/pgf/frontendlayer/t
ikz/libraries\tikzlibraryshapes.misc.code.tex
File: tikzlibraryshapes.misc.code.tex 2025-08-29 v3.1.11a (3.1.11a)

(C:\Users\LarkBox\AppData\Local\Programs\MiKTeX\tex/generic/pgf/libraries/shape
s\pgflibraryshapes.misc.code.tex
File: pgflibraryshapes.misc.code.tex 2025-08-29 v3.1.11a (3.1.11a)
))
(C:\Users\LarkBox\AppData\Local\Programs\MiKTeX\tex/generic/pgf/libraries\pgfli
braryarrows.meta.code.tex
File: pgflibraryarrows.meta.code.tex 2025-08-29 v3.1.11a (3.1.11a)
\pgfarrowinset=\dimen300
\pgfarrowlength=\dimen301
\pgfarrowwidth=\dimen302
\pgfarrowlinewidth=\dimen303
)
(C:\Users\LarkBox\AppData\Local\Programs\MiKTeX\tex/generic/pgf/frontendlayer/t
ikz/libraries\tikzlibrarydecorations.pathreplacing.code.tex
(C:\Users\LarkBox\AppData\Local\Programs\MiKTeX\tex/generic/pgf/frontendlayer/t
ikz/libraries\tikzlibrarydecorations.code.tex
(C:\Users\LarkBox\AppData\Local\Programs\MiKTeX\tex/generic/pgf/modules\pgfmodu
ledecorations.code.tex
\pgfdecoratedcompleteddistance=\dimen304
\pgfdecoratedremainingdistance=\dimen305
\pgfdecoratedinputsegmentcompleteddistance=\dimen306
\pgfdecoratedinputsegmentremainingdistance=\dimen307
\pgf@decorate@distancetomove=\dimen308
\pgf@decorate@repeatstate=\count414
\pgfdecorationsegmentamplitude=\dimen309
\pgfdecorationsegmentlength=\dimen310
)
\tikz@lib@dec@box=\box71
)
(C:\Users\LarkBox\AppData\Local\Programs\MiKTeX\tex/generic/pgf/libraries/decor
ations\pgflibrarydecorations.pathreplacing.code.tex))
(C:\Users\LarkBox\AppData\Local\Programs\MiKTeX\tex/latex/listings\listings.sty
\lst@mode=\count415
\lst@gtempboxa=\box72
\lst@token=\toks44
\lst@length=\count416
\lst@currlwidth=\dimen311
\lst@column=\count417
\lst@pos=\count418
\lst@lostspace=\dimen312
\lst@width=\dimen313
\lst@newlines=\count419
\lst@lineno=\count420
\lst@maxwidth=\dimen314

(C:\Users\LarkBox\AppData\Local\Programs\MiKTeX\tex/latex/listings\lstpatch.sty
File: lstpatch.sty 2025/11/14 1.11b (Carsten Heinz)
)
(C:\Users\LarkBox\AppData\Local\Programs\MiKTeX\tex/latex/listings\lstmisc.sty
File: lstmisc.sty 2025/11/14 1.11b (Carsten Heinz)
\c@lstnumber=\count421
\lst@skipnumbers=\count422
\lst@framebox=\box73
)
(C:\Users\LarkBox\AppData\Local\Programs\MiKTeX\tex/latex/listings\listings.cfg
File: listings.cfg 2025/11/14 1.11b listings configuration
))
Package: listings 2025/11/14 1.11b (Carsten Heinz)

==> First Aid for listings.sty no longer applied!
    Expected:
        2024/09/23 1.10c (Carsten Heinz)
    but found:
        2025/11/14 1.11b (Carsten Heinz)
    so I'm assuming it got fixed.

(C:\Users\LarkBox\AppData\Local\Programs\MiKTeX\tex/latex/booktabs\booktabs.sty
Package: booktabs 2020/01/12 v1.61803398 Publication quality tables
\heavyrulewidth=\dimen315
\lightrulewidth=\dimen316
\cmidrulewidth=\dimen317
\belowrulesep=\dimen318
\belowbottomsep=\dimen319
\aboverulesep=\dimen320
\abovetopsep=\dimen321
\cmidrulesep=\dimen322
\cmidrulekern=\dimen323
\defaultaddspace=\dimen324
\@cmidla=\count423
\@cmidlb=\count424
\@aboverulesep=\dimen325
\@belowrulesep=\dimen326
\@thisruleclass=\count425
\@lastruleclass=\count426
\@thisrulewidth=\dimen327
) (C:\Users\LarkBox\AppData\Local\Programs\MiKTeX\tex/latex/tools\longtable.sty
Package: longtable 2025-10-13 v4.24 Multi-page Table package (DPC)
\LTleft=\skip138
\LTright=\skip139
\LTpre=\skip140
\LTpost=\skip141
\LTchunksize=\count427
\LTcapwidth=\dimen328
\LT@head=\box74
\LT@firsthead=\box75
\LT@foot=\box76
\LT@lastfoot=\box77
\LT@gbox=\box78
\LT@cols=\count428
\LT@rows=\count429
\c@LT@tables=\count430
\c@LT@chunks=\count431
\LT@p@ftn=\toks45
) (C:\Users\LarkBox\AppData\Local\Programs\MiKTeX\tex/latex/tools\tabularx.sty
Package: tabularx 2023/12/11 v2.12a `tabularx' package (DPC)
\TX@col@width=\dimen329
\TX@old@table=\dimen330
\TX@old@col=\dimen331
\TX@target=\dimen332
\TX@delta=\dimen333
\TX@cols=\count432
\TX@ftn=\toks46
)
(C:\Users\LarkBox\AppData\Local\Programs\MiKTeX\tex/latex/pdflscape\pdflscape.s
ty
Package: pdflscape 2022-10-27 v0.13 Display of landscape pages in PDF

(C:\Users\LarkBox\AppData\Local\Programs\MiKTeX\tex/latex/pdflscape\pdflscape-n
ometadata.sty
Package: pdflscape-nometadata 2022-10-28 v0.13 Display of landscape pages in PD
F (HO)

(C:\Users\LarkBox\AppData\Local\Programs\MiKTeX\tex/latex/graphics\lscape.sty
Package: lscape 2020/05/28 v3.02 Landscape Pages (DPC)
)
Package pdflscape Info: Auto-detected driver: dvipdfm (xetex) on input line 98.

))
(C:\Users\LarkBox\AppData\Local\Programs\MiKTeX\tex/latex/enumitem\enumitem.sty
Package: enumitem 2025/02/06 v3.11 Customized lists
\labelindent=\skip142
\enit@outerparindent=\dimen334
\enit@toks=\toks47
\enit@inbox=\box79
\enit@count@id=\count433
\enitdp@description=\count434
)
(C:\Users\LarkBox\AppData\Local\Programs\MiKTeX\tex/latex/pgfplots\pgfplots.sty

(C:\Users\LarkBox\AppData\Local\Programs\MiKTeX\tex/generic/pgfplots\pgfplots.r
evision.tex)
Package: pgfplots 2021/05/15 v1.18.1 Data Visualization (1.18.1)

(C:\Users\LarkBox\AppData\Local\Programs\MiKTeX\tex/generic/pgfplots\pgfplots.c
ode.tex
(C:\Users\LarkBox\AppData\Local\Programs\MiKTeX\tex/generic/pgfplots\pgfplotsco
re.code.tex
\t@pgfplots@toka=\toks48
\t@pgfplots@tokb=\toks49
\t@pgfplots@tokc=\toks50
\pgfplots@tmpa=\dimen335
\c@pgfplots@coordindex=\count435
\c@pgfplots@scanlineindex=\count436

(C:\Users\LarkBox\AppData\Local\Programs\MiKTeX\tex/generic/pgfplots/sys\pgfplo
tssysgeneric.code.tex))
(C:\Users\LarkBox\AppData\Local\Programs\MiKTeX\tex/generic/pgfplots/libs\pgfpl
otslibrary.code.tex)
(C:\Users\LarkBox\AppData\Local\Programs\MiKTeX\tex/generic/pgfplots/oldpgfcomp
atib\pgfplotsoldpgfsupp_loader.code.tex
(C:\Users\LarkBox\AppData\Local\Programs\MiKTeX\tex/generic/pgf/libraries\pgfli
braryfpu.code.tex)
Package pgfplots: loading complementary utilities for your pgf version...
\t@pgf@toka=\toks51
\t@pgf@tokb=\toks52
\t@pgf@tokc=\toks53

(C:\Users\LarkBox\AppData\Local\Programs\MiKTeX\tex/generic/pgfplots/oldpgfcomp
atib\pgfplotsoldpgfsupp_pgfutil-common-lists.tex))
(C:\Users\LarkBox\AppData\Local\Programs\MiKTeX\tex/generic/pgfplots/util\pgfpl
otsutil.code.tex
(C:\Users\LarkBox\AppData\Local\Programs\MiKTeX\tex/generic/pgfplots/liststruct
ure\pgfplotsliststructure.code.tex)
(C:\Users\LarkBox\AppData\Local\Programs\MiKTeX\tex/generic/pgfplots/liststruct
ure\pgfplotsliststructureext.code.tex)
(C:\Users\LarkBox\AppData\Local\Programs\MiKTeX\tex/generic/pgfplots/liststruct
ure\pgfplotsarray.code.tex
\c@pgfplotsarray@tmp=\count437
)
(C:\Users\LarkBox\AppData\Local\Programs\MiKTeX\tex/generic/pgfplots/liststruct
ure\pgfplotsmatrix.code.tex)
(C:\Users\LarkBox\AppData\Local\Programs\MiKTeX\tex/generic/pgfplots/numtable\p
gfplotstableshared.code.tex
\c@pgfplotstable@counta=\count438
\t@pgfplotstable@a=\toks54
)
(C:\Users\LarkBox\AppData\Local\Programs\MiKTeX\tex/generic/pgfplots/liststruct
ure\pgfplotsdeque.code.tex)
(C:\Users\LarkBox\AppData\Local\Programs\MiKTeX\tex/generic/pgfplots/util\pgfpl
otsbinary.code.tex
(C:\Users\LarkBox\AppData\Local\Programs\MiKTeX\tex/generic/pgfplots/util\pgfpl
otsbinary.data.code.tex))
(C:\Users\LarkBox\AppData\Local\Programs\MiKTeX\tex/generic/pgfplots/util\pgfpl
otsutil.verb.code.tex)
(C:\Users\LarkBox\AppData\Local\Programs\MiKTeX\tex/generic/pgfplots/libs\pgfli
brarypgfplots.surfshading.code.tex
\c@pgfplotslibrarysurf@no=\count439

(C:\Users\LarkBox\AppData\Local\Programs\MiKTeX\tex/generic/pgfplots/sys\pgflib
rarypgfplots.surfshading.pgfsys-xetex.def
(C:\Users\LarkBox\AppData\Local\Programs\MiKTeX\tex/generic/pgfplots/sys\pgflib
rarypgfplots.surfshading.pgfsys-dvipdfmx.def
\c@pgfplotslibrarysurf@streamlen=\count440
))))
(C:\Users\LarkBox\AppData\Local\Programs\MiKTeX\tex/generic/pgfplots/util\pgfpl
otscolormap.code.tex
(C:\Users\LarkBox\AppData\Local\Programs\MiKTeX\tex/generic/pgfplots/util\pgfpl
otscolor.code.tex))
(C:\Users\LarkBox\AppData\Local\Programs\MiKTeX\tex/generic/pgfplots\pgfplotsst
ackedplots.code.tex)
(C:\Users\LarkBox\AppData\Local\Programs\MiKTeX\tex/generic/pgfplots\pgfplotspl
othandlers.code.tex
(C:\Users\LarkBox\AppData\Local\Programs\MiKTeX\tex/generic/pgfplots\pgfplotsme
shplothandler.code.tex
(C:\Users\LarkBox\AppData\Local\Programs\MiKTeX\tex/generic/pgfplots\pgfplotsme
shplotimage.code.tex)))
(C:\Users\LarkBox\AppData\Local\Programs\MiKTeX\tex/generic/pgfplots\pgfplots.s
caling.code.tex)
(C:\Users\LarkBox\AppData\Local\Programs\MiKTeX\tex/generic/pgfplots\pgfplotsco
ordprocessing.code.tex)
(C:\Users\LarkBox\AppData\Local\Programs\MiKTeX\tex/generic/pgfplots\pgfplots.e
rrorbars.code.tex)
(C:\Users\LarkBox\AppData\Local\Programs\MiKTeX\tex/generic/pgfplots\pgfplots.m
arkers.code.tex)
(C:\Users\LarkBox\AppData\Local\Programs\MiKTeX\tex/generic/pgfplots\pgfplotsti
cks.code.tex)
(C:\Users\LarkBox\AppData\Local\Programs\MiKTeX\tex/generic/pgfplots\pgfplots.p
aths.code.tex)
(C:\Users\LarkBox\AppData\Local\Programs\MiKTeX\tex/generic/pgf/frontendlayer/t
ikz/libraries\tikzlibrarydecorations.pathmorphing.code.tex
(C:\Users\LarkBox\AppData\Local\Programs\MiKTeX\tex/generic/pgf/libraries/decor
ations\pgflibrarydecorations.pathmorphing.code.tex))
(C:\Users\LarkBox\AppData\Local\Programs\MiKTeX\tex/generic/pgfplots/libs\tikzl
ibrarypgfplots.contourlua.code.tex)
\pgfplots@numplots=\count441
\pgfplots@xmin@reg=\dimen336
\pgfplots@xmax@reg=\dimen337
\pgfplots@ymin@reg=\dimen338
\pgfplots@ymax@reg=\dimen339
\pgfplots@zmin@reg=\dimen340
\pgfplots@zmax@reg=\dimen341
)
(C:\Users\LarkBox\AppData\Local\Programs\MiKTeX\tex/generic/pgf/frontendlayer/t
ikz/libraries\tikzlibraryplotmarks.code.tex
File: tikzlibraryplotmarks.code.tex 2025-08-29 v3.1.11a (3.1.11a)

(C:\Users\LarkBox\AppData\Local\Programs\MiKTeX\tex/generic/pgf/libraries\pgfli
braryplotmarks.code.tex
File: pgflibraryplotmarks.code.tex 2025-08-29 v3.1.11a (3.1.11a)
)))
(C:\Users\LarkBox\AppData\Local\Programs\MiKTeX\tex/latex/pgf-pie\pgf-pie.sty
Package: pgf-pie 2022/06/14 v0.7 Some LaTeX macros for pie chart by using PGF/T
ikz package.

(C:\Users\LarkBox\AppData\Local\Programs\MiKTeX\tex/latex/pgf-pie\tikzlibrarypi
e.code.tex
(C:\Users\LarkBox\AppData\Local\Programs\MiKTeX\tex/latex/carlisle\scalefnt.sty
)
\pgfpie@angleEnd=\dimen342
\pgfpie@explodeLength=\count442
\pgfpie@colorLength=\count443
\pgfpie@sliceLength=\count444
))) (main.aux
LaTeX Info: Redefining \. on input line 12.
LaTeX Info: Redefining \% on input line 12.
Package babel Info: 'spanish' activates 'spanish' shorthands.
(babel)             Reported on input line 12.
)
\openout1 = `main.aux'.

LaTeX Font Info:    Checking defaults for OML/cmm/m/it on input line 11.
LaTeX Font Info:    ... okay on input line 11.
LaTeX Font Info:    Checking defaults for OMS/cmsy/m/n on input line 11.
LaTeX Font Info:    ... okay on input line 11.
LaTeX Font Info:    Checking defaults for OT1/cmr/m/n on input line 11.
LaTeX Font Info:    ... okay on input line 11.
LaTeX Font Info:    Checking defaults for T1/cmr/m/n on input line 11.
LaTeX Font Info:    ... okay on input line 11.
LaTeX Font Info:    Checking defaults for TS1/cmr/m/n on input line 11.
LaTeX Font Info:    ... okay on input line 11.
LaTeX Font Info:    Checking defaults for TU/lmr/m/n on input line 11.
LaTeX Font Info:    ... okay on input line 11.
LaTeX Font Info:    Checking defaults for OMX/cmex/m/n on input line 11.
LaTeX Font Info:    ... okay on input line 11.
LaTeX Font Info:    Checking defaults for U/cmr/m/n on input line 11.
LaTeX Font Info:    ... okay on input line 11.
LaTeX Font Info:    Checking defaults for PD1/pdf/m/n on input line 11.
LaTeX Font Info:    ... okay on input line 11.
LaTeX Font Info:    Checking defaults for PU/pdf/m/n on input line 11.
LaTeX Font Info:    ... okay on input line 11.

*geometry* driver: auto-detecting
*geometry* detected driver: xetex
*geometry* verbose mode - [ preamble ] result:
* driver: xetex
* paper: a4paper
* layout: <same size as paper>
* layoutoffset:(h,v)=(0.0pt,0.0pt)
* modes: 
* h-part:(L,W,R)=(113.81102pt, 398.3386pt, 85.35826pt)
* v-part:(T,H,B)=(85.35826pt, 660.10394pt, 99.58464pt)
* \paperwidth=597.50787pt
* \paperheight=845.04684pt
* \textwidth=398.3386pt
* \textheight=660.10394pt
* \oddsidemargin=41.54103pt
* \evensidemargin=41.54103pt
* \topmargin=-18.78552pt
* \headheight=12.0pt
* \headsep=19.8738pt
* \topskip=11.0pt
* \footskip=27.46295pt
* \marginparwidth=53.0pt
* \marginparsep=7.0pt
* \columnsep=10.0pt
* \skip\footins=10.0pt plus 4.0pt minus 2.0pt
* \hoffset=0.0pt
* \voffset=0.0pt
* \mag=1000
* \@twocolumnfalse
* \@twosidefalse
* \@mparswitchfalse
* \@reversemarginfalse
* (1in=72.27pt=25.4mm, 1cm=28.453pt)

\c@maskedRefs=\count445
(C:\Users\LarkBox\AppData\Local\Programs\MiKTeX\tex/latex/apacite\spanish.apc
File: spanish.apc 2013/07/21 v6.03 apacite language file
LaTeX Info: Redefining \BPBI on input line 138.
LaTeX Info: Redefining \BHBI on input line 139.
)
LaTeX Info: Redefining \. on input line 11.
LaTeX Info: Redefining \% on input line 11.


Package layouts Warning: Layout scale set to 0.5 on input line 11.

Package hyperref Info: Link coloring ON on input line 11.
(main.out) (main.out)
\@outlinefile=\write4
\openout4 = `main.out'.

LaTeX Font Info:    Overwriting math alphabet `\mathrm' in version `normal'
(Font)                  OT1/ztmcm/m/n --> TU/Arial(0)/m/n on input line 11.
LaTeX Font Info:    Overwriting math alphabet `\mathit' in version `normal'
(Font)                  OT1/ptm/m/it --> TU/Arial(0)/m/it on input line 11.
LaTeX Font Info:    Overwriting math alphabet `\mathbf' in version `normal'
(Font)                  OT1/ptm/bx/n --> TU/Arial(0)/b/n on input line 11.
LaTeX Font Info:    Overwriting math alphabet `\mathsf' in version `normal'
(Font)                  OT1/cmss/m/n --> TU/lmss/m/n on input line 11.
LaTeX Font Info:    Overwriting math alphabet `\mathsf' in version `bold'
(Font)                  OT1/cmss/bx/n --> TU/lmss/b/n on input line 11.
LaTeX Font Info:    Overwriting math alphabet `\mathtt' in version `normal'
(Font)                  OT1/cmtt/m/n --> TU/lmtt/m/n on input line 11.
LaTeX Font Info:    Overwriting math alphabet `\mathtt' in version `bold'
(Font)                  OT1/cmtt/m/n --> TU/lmtt/b/n on input line 11.

Package fontspec Info: 
(fontspec)             Font family 'latinmodern-math.otf(0)' created for font
(fontspec)             'latinmodern-math.otf' with options
(fontspec)             [BoldItalicFont={},ItalicFont={},SmallCapsFont={},Script
=Math,BoldFont={latinmodern-math.otf}].
(fontspec)              
(fontspec)              This font family consists of the following NFSS
(fontspec)             series/shapes:
(fontspec)              
(fontspec)             - 'normal' (m/n) with NFSS spec.:
(fontspec)             <->"[latinmodern-math.otf]/OT:script=math;language=dflt;
"
(fontspec)             - 'bold' (b/n) with NFSS spec.:
(fontspec)             <->"[latinmodern-math.otf]/OT:script=math;language=dflt;
"


Package fontspec Info: 
(fontspec)             Font family 'latinmodern-math.otf(1)' created for font
(fontspec)             'latinmodern-math.otf' with options
(fontspec)             [BoldItalicFont={},ItalicFont={},SmallCapsFont={},Script
=Math,SizeFeatures={{Size=9.3075-},{Size=6.57-9.3075,Font=latinmodern-math.otf,
Style=MathScript},{Size=-6.57,Font=latinmodern-math.otf,Style=MathScriptScript}
},BoldFont={latinmodern-math.otf}].
(fontspec)              
(fontspec)              This font family consists of the following NFSS
(fontspec)             series/shapes:
(fontspec)              
(fontspec)             - 'normal' (m/n) with NFSS spec.:
(fontspec)             <9.3075->"[latinmodern-math.otf]/OT:script=math;language
=dflt;"<6.57-9.3075>"[latinmodern-math.otf]/OT:script=math;language=dflt;+ssty=
0;"<-6.57>"[latinmodern-math.otf]/OT:script=math;language=dflt;+ssty=1;"
(fontspec)             - 'bold' (b/n) with NFSS spec.:
(fontspec)             <->"[latinmodern-math.otf]/OT:script=math;language=dflt;
"

LaTeX Font Info:    Encoding `OT1' has changed to `TU' for symbol font
(Font)              `operators' in the math version `normal' on input line 11.
LaTeX Font Info:    Overwriting symbol font `operators' in version `normal'
(Font)                  OT1/ztmcm/m/n --> TU/latinmodern-math.otf(1)/m/n on inp
ut line 11.
LaTeX Font Info:    Encoding `OT1' has changed to `TU' for symbol font
(Font)              `operators' in the math version `bold' on input line 11.
LaTeX Font Info:    Overwriting symbol font `operators' in version `bold'
(Font)                  OT1/ztmcm/m/n --> TU/latinmodern-math.otf(1)/b/n on inp
ut line 11.

Package fontspec Info: 
(fontspec)             latinmodern-math scale = 1.0001.


Package fontspec Info: 
(fontspec)             latinmodern-math scale = 1.0001.


Package fontspec Info: 
(fontspec)             latinmodern-math scale = 1.0001.


Package fontspec Info: 
(fontspec)             latinmodern-math scale = 1.0001.


Package fontspec Info: 
(fontspec)             latinmodern-math scale = 1.0001.


Package fontspec Info: 
(fontspec)             Font family 'latinmodern-math.otf(2)' created for font
(fontspec)             'latinmodern-math.otf' with options
(fontspec)             [BoldItalicFont={},ItalicFont={},SmallCapsFont={},Script
=Math,SizeFeatures={{Size=9.3075-},{Size=6.57-9.3075,Font=latinmodern-math.otf,
Style=MathScript},{Size=-6.57,Font=latinmodern-math.otf,Style=MathScriptScript}
},BoldFont={latinmodern-math.otf},ScaleAgain=1.0001,FontAdjustment={\fontdimen
(fontspec)             8\font =7.41315pt\relax \fontdimen 9\font
(fontspec)             =4.3143pt\relax \fontdimen 10\font =4.8618pt\relax
(fontspec)             \fontdimen 11\font =7.5117pt\relax \fontdimen 12\font
(fontspec)             =3.77776pt\relax \fontdimen 13\font =3.97485pt\relax
(fontspec)             \fontdimen 14\font =3.97485pt\relax \fontdimen 15\font
(fontspec)             =3.16455pt\relax \fontdimen 16\font =2.70465pt\relax
(fontspec)             \fontdimen 17\font =2.70465pt\relax \fontdimen 18\font
(fontspec)             =2.7375pt\relax \fontdimen 19\font =2.19pt\relax
(fontspec)             \fontdimen 22\font =2.7375pt\relax \fontdimen 20\font
(fontspec)             =0pt\relax \fontdimen 21\font =0pt\relax }].
(fontspec)              
(fontspec)              This font family consists of the following NFSS
(fontspec)             series/shapes:
(fontspec)              
(fontspec)             - 'normal' (m/n) with NFSS spec.:
(fontspec)             <9.3075->s*[1.0001]"[latinmodern-math.otf]/OT:script=mat
h;language=dflt;"<6.57-9.3075>s*[1.0001]"[latinmodern-math.otf]/OT:script=math;
language=dflt;+ssty=0;"<-6.57>s*[1.0001]"[latinmodern-math.otf]/OT:script=math;
language=dflt;+ssty=1;"
(fontspec)             - 'bold' (b/n) with NFSS spec.:
(fontspec)             <->s*[1.0001]"[latinmodern-math.otf]/OT:script=math;lang
uage=dflt;"

LaTeX Font Info:    Encoding `OMS' has changed to `TU' for symbol font
(Font)              `symbols' in the math version `normal' on input line 11.
LaTeX Font Info:    Overwriting symbol font `symbols' in version `normal'
(Font)                  OMS/ztmcm/m/n --> TU/latinmodern-math.otf(2)/m/n on inp
ut line 11.
LaTeX Font Info:    Encoding `OMS' has changed to `TU' for symbol font
(Font)              `symbols' in the math version `bold' on input line 11.
LaTeX Font Info:    Overwriting symbol font `symbols' in version `bold'
(Font)                  OMS/ztmcm/m/n --> TU/latinmodern-math.otf(2)/b/n on inp
ut line 11.

Package fontspec Info: 
(fontspec)             latinmodern-math scale = 0.9999.


Package fontspec Info: 
(fontspec)             latinmodern-math scale = 0.9999.


Package fontspec Info: 
(fontspec)             latinmodern-math scale = 0.9999.


Package fontspec Info: 
(fontspec)             latinmodern-math scale = 0.9999.


Package fontspec Info: 
(fontspec)             latinmodern-math scale = 0.9999.


Package fontspec Info: 
(fontspec)             Font family 'latinmodern-math.otf(3)' created for font
(fontspec)             'latinmodern-math.otf' with options
(fontspec)             [BoldItalicFont={},ItalicFont={},SmallCapsFont={},Script
=Math,SizeFeatures={{Size=9.3075-},{Size=6.57-9.3075,Font=latinmodern-math.otf,
Style=MathScript},{Size=-6.57,Font=latinmodern-math.otf,Style=MathScriptScript}
},BoldFont={latinmodern-math.otf},ScaleAgain=0.9999,FontAdjustment={\fontdimen
(fontspec)             8\font =0.438pt\relax \fontdimen 9\font =2.19pt\relax
(fontspec)             \fontdimen 10\font =1.82864pt\relax \fontdimen 11\font
(fontspec)             =1.21545pt\relax \fontdimen 12\font =6.56999pt\relax
(fontspec)             \fontdimen 13\font =0pt\relax }].
(fontspec)              
(fontspec)              This font family consists of the following NFSS
(fontspec)             series/shapes:
(fontspec)              
(fontspec)             - 'normal' (m/n) with NFSS spec.:
(fontspec)             <9.3075->s*[0.9999]"[latinmodern-math.otf]/OT:script=mat
h;language=dflt;"<6.57-9.3075>s*[0.9999]"[latinmodern-math.otf]/OT:script=math;
language=dflt;+ssty=0;"<-6.57>s*[0.9999]"[latinmodern-math.otf]/OT:script=math;
language=dflt;+ssty=1;"
(fontspec)             - 'bold' (b/n) with NFSS spec.:
(fontspec)             <->s*[0.9999]"[latinmodern-math.otf]/OT:script=math;lang
uage=dflt;"

LaTeX Font Info:    Encoding `OMX' has changed to `TU' for symbol font
(Font)              `largesymbols' in the math version `normal' on input line 1
1.
LaTeX Font Info:    Overwriting symbol font `largesymbols' in version `normal'
(Font)                  OMX/ztmcm/m/n --> TU/latinmodern-math.otf(3)/m/n on inp
ut line 11.
LaTeX Font Info:    Encoding `OMX' has changed to `TU' for symbol font
(Font)              `largesymbols' in the math version `bold' on input line 11.

LaTeX Font Info:    Overwriting symbol font `largesymbols' in version `bold'
(Font)                  OMX/ztmcm/m/n --> TU/latinmodern-math.otf(3)/b/n on inp
ut line 11.
Package caption Info: Begin \AtBeginDocument code.
Package caption Info: listings package is loaded.
Package caption Info: longtable package is loaded.

(C:\Users\LarkBox\AppData\Local\Programs\MiKTeX\tex/latex/caption\ltcaption.sty
Package: ltcaption 2021/01/08 v1.4c longtable captions (AR)
)
Package caption Info: End \AtBeginDocument code.
\c@lstlisting=\count446

Package pgfplots notification 'compat/show suggested version=true': document ha
s been generated with the most recent feature set (\pgfplotsset{compat=1.18}).

(1_0_CARATULA/caratula.tex
File: E_IMAGENES/0_Caratula/UNI_LOGO1.pdf Graphic file (type pdf)
<use E_IMAGENES/0_Caratula/UNI_LOGO1.pdf>
 [1


]) (1_4_RESUMEN/resumen.tex
LaTeX Font Info:    Trying to load font information for OML+ztmcm on input line
 39.

(C:\Users\LarkBox\AppData\Local\Programs\MiKTeX\tex/latex/psnfss\omlztmcm.fd
File: omlztmcm.fd 2000/01/03 Fontinst v1.801 font definitions for OML/ztmcm.
)
LaTeX Font Info:    Font shape `TU/latinmodern-math.otf(2)/m/n' will be
(Font)              scaled to size 10.95116pt on input line 39.
LaTeX Font Info:    Font shape `TU/latinmodern-math.otf(2)/m/n' will be
(Font)              scaled to size 7.6658pt on input line 39.
LaTeX Font Info:    Font shape `TU/latinmodern-math.otf(2)/m/n' will be
(Font)              scaled to size 5.47559pt on input line 39.
LaTeX Font Info:    Font shape `TU/latinmodern-math.otf(3)/m/n' will be
(Font)              scaled to size 10.94882pt on input line 39.
LaTeX Font Info:    Font shape `TU/latinmodern-math.otf(3)/m/n' will be
(Font)              scaled to size 7.66417pt on input line 39.
LaTeX Font Info:    Font shape `TU/latinmodern-math.otf(3)/m/n' will be
(Font)              scaled to size 5.47441pt on input line 39.
LaTeX Font Info:    Trying to load font information for OT1+ptm on input line 3
9.

(C:\Users\LarkBox\AppData\Local\Programs\MiKTeX\tex/latex/psnfss\ot1ptm.fd
File: ot1ptm.fd 2001/06/04 font definitions for OT1/ptm.
)
LaTeX Font Info:    Font shape `OT1/ptm/bx/n' in size <10.95> not available
(Font)              Font shape `OT1/ptm/b/n' tried instead on input line 39.
LaTeX Font Info:    Font shape `OT1/ptm/bx/n' in size <7.665> not available
(Font)              Font shape `OT1/ptm/b/n' tried instead on input line 39.
LaTeX Font Info:    Font shape `OT1/ptm/bx/n' in size <5.475> not available
(Font)              Font shape `OT1/ptm/b/n' tried instead on input line 39.
LaTeX Info: Redefining \. on input line 58.
LaTeX Info: Redefining \% on input line 58.
Package babel Info: 'spanish' activates 'spanish' shorthands.
(babel)             Reported on input line 58.


Package fancyhdr Warning: \headheight is too small (12.0pt): 
(fancyhdr)                Make it at least 24.83238pt, for example:
(fancyhdr)                \setlength{\headheight}{24.83238pt}.
(fancyhdr)                You might also make \topmargin smaller:
(fancyhdr)                \addtolength{\topmargin}{-12.83238pt}.

[1

]) (1_8_INDICE_PROPUESTO/indice_propuesto.tex
LaTeX Info: Redefining \. on input line 1.
LaTeX Info: Redefining \% on input line 1.


Package fancyhdr Warning: \headheight is too small (12.0pt): 
(fancyhdr)                Make it at least 24.83238pt, for example:
(fancyhdr)                \setlength{\headheight}{24.83238pt}.
(fancyhdr)                You might also make \topmargin smaller:
(fancyhdr)                \addtolength{\topmargin}{-12.83238pt}.

[2]
Underfull \hbox (badness 10000) in paragraph at lines 6--12

 []


Underfull \hbox (badness 10000) in paragraph at lines 13--24

 []


Underfull \hbox (badness 10000) in paragraph at lines 25--30

 []


Underfull \hbox (badness 10000) in paragraph at lines 31--34

 []

) (2_CAPITULO1/capitulo1.tex
LaTeX Info: Redefining \. on input line 1.
LaTeX Info: Redefining \% on input line 1.


Package fancyhdr Warning: \headheight is too small (12.0pt): 
(fancyhdr)                Make it at least 24.83238pt, for example:
(fancyhdr)                \setlength{\headheight}{24.83238pt}.
(fancyhdr)                You might also make \topmargin smaller:
(fancyhdr)                \addtolength{\topmargin}{-12.83238pt}.

[3

]
Capítulo I.
LaTeX Info: Redefining \. on input line 46.
LaTeX Info: Redefining \% on input line 46.

Package fancyhdr Warning: \headheight is too small (12.0pt): 
(fancyhdr)                Make it at least 24.83238pt, for example:
(fancyhdr)                \setlength{\headheight}{24.83238pt}.
(fancyhdr)                You might also make \topmargin smaller:
(fancyhdr)                \addtolength{\topmargin}{-12.83238pt}.

[4

]
Overfull \hbox (1.24675pt too wide) in paragraph at lines 84--91
[]\TU/Arial(0)/b/n/10.95 Requisitos regulatorios estrictos: \TU/Arial(0)/m/n/10
.95 el cumplimiento de normativas como PCI-
 []

LaTeX Info: Redefining \. on input line 98.
LaTeX Info: Redefining \% on input line 98.

Package fancyhdr Warning: \headheight is too small (12.0pt): 
(fancyhdr)                Make it at least 24.83238pt, for example:
(fancyhdr)                \setlength{\headheight}{24.83238pt}.
(fancyhdr)                You might also make \topmargin smaller:
(fancyhdr)                \addtolength{\topmargin}{-12.83238pt}.

[5]
Underfull \hbox (badness 10000) in paragraph at lines 129--129
[]|\TU/Arial(0)/m/n/10.95 Versiones Mayores
 []


Underfull \hbox (badness 10000) in paragraph at lines 129--129
[]|\TU/Arial(0)/m/n/10.95 Actualizaciones de
 []

LaTeX Info: Redefining \. on input line 147.
LaTeX Info: Redefining \% on input line 147.

Package fancyhdr Warning: \headheight is too small (12.0pt): 
(fancyhdr)                Make it at least 24.83238pt, for example:
(fancyhdr)                \setlength{\headheight}{24.83238pt}.
(fancyhdr)                You might also make \topmargin smaller:
(fancyhdr)                \addtolength{\topmargin}{-12.83238pt}.

[6]
Overfull \hbox (4.14055pt too wide) in paragraph at lines 153--155
[]\TU/Arial(0)/b/n/10.95 Desconexión histórica: \TU/Arial(0)/m/n/10.95 78$ $% n
o incorporó sistemáticamente lecciones apren-
 []

LaTeX Info: Redefining \. on input line 194.
LaTeX Info: Redefining \% on input line 194.

Package fancyhdr Warning: \headheight is too small (12.0pt): 
(fancyhdr)                Make it at least 24.83238pt, for example:
(fancyhdr)                \setlength{\headheight}{24.83238pt}.
(fancyhdr)                You might also make \topmargin smaller:
(fancyhdr)                \addtolength{\topmargin}{-12.83238pt}.

[7]
Overfull \hbox (10.65971pt too wide) in paragraph at lines 221--225
[]\TU/Arial(0)/b/n/10.95 Costos directos: \TU/Arial(0)/m/n/10.95 según Boston C
onsulting Group (2023), las decisiones subóp-
 []

LaTeX Info: Redefining \. on input line 236.
LaTeX Info: Redefining \% on input line 236.

Package fancyhdr Warning: \headheight is too small (12.0pt): 
(fancyhdr)                Make it at least 24.83238pt, for example:
(fancyhdr)                \setlength{\headheight}{24.83238pt}.
(fancyhdr)                You might also make \topmargin smaller:
(fancyhdr)                \addtolength{\topmargin}{-12.83238pt}.

[8]
LaTeX Info: Redefining \. on input line 292.
LaTeX Info: Redefining \% on input line 292.


Package fancyhdr Warning: \headheight is too small (12.0pt): 
(fancyhdr)                Make it at least 24.83238pt, for example:
(fancyhdr)                \setlength{\headheight}{24.83238pt}.
(fancyhdr)                You might also make \topmargin smaller:
(fancyhdr)                \addtolength{\topmargin}{-12.83238pt}.

[9]
LaTeX Info: Redefining \. on input line 337.
LaTeX Info: Redefining \% on input line 337.


Package fancyhdr Warning: \headheight is too small (12.0pt): 
(fancyhdr)                Make it at least 24.83238pt, for example:
(fancyhdr)                \setlength{\headheight}{24.83238pt}.
(fancyhdr)                You might also make \topmargin smaller:
(fancyhdr)                \addtolength{\topmargin}{-12.83238pt}.

[10]
LaTeX Info: Redefining \. on input line 395.
LaTeX Info: Redefining \% on input line 395.


Package fancyhdr Warning: \headheight is too small (12.0pt): 
(fancyhdr)                Make it at least 24.83238pt, for example:
(fancyhdr)                \setlength{\headheight}{24.83238pt}.
(fancyhdr)                You might also make \topmargin smaller:
(fancyhdr)                \addtolength{\topmargin}{-12.83238pt}.

[11]
LaTeX Info: Redefining \. on input line 443.
LaTeX Info: Redefining \% on input line 443.


Package fancyhdr Warning: \headheight is too small (12.0pt): 
(fancyhdr)                Make it at least 24.83238pt, for example:
(fancyhdr)                \setlength{\headheight}{24.83238pt}.
(fancyhdr)                You might also make \topmargin smaller:
(fancyhdr)                \addtolength{\topmargin}{-12.83238pt}.

[12]
Overfull \hbox (5.78023pt too wide) in paragraph at lines 483--490
[]\TU/Arial(0)/b/n/10.95 Enfoque de investigación. \TU/Arial(0)/m/n/10.95 La in
vestigación requiere un enfoque mixto (cuantitativo-
 []

LaTeX Info: Redefining \. on input line 497.
LaTeX Info: Redefining \% on input line 497.

Package fancyhdr Warning: \headheight is too small (12.0pt): 
(fancyhdr)                Make it at least 24.83238pt, for example:
(fancyhdr)                \setlength{\headheight}{24.83238pt}.
(fancyhdr)                You might also make \topmargin smaller:
(fancyhdr)                \addtolength{\topmargin}{-12.83238pt}.

[13]
LaTeX Info: Redefining \. on input line 552.
LaTeX Info: Redefining \% on input line 552.


Package fancyhdr Warning: \headheight is too small (12.0pt): 
(fancyhdr)                Make it at least 24.83238pt, for example:
(fancyhdr)                \setlength{\headheight}{24.83238pt}.
(fancyhdr)                You might also make \topmargin smaller:
(fancyhdr)                \addtolength{\topmargin}{-12.83238pt}.

[14]
LaTeX Info: Redefining \. on input line 572.
LaTeX Info: Redefining \% on input line 572.


Package fancyhdr Warning: \headheight is too small (12.0pt): 
(fancyhdr)                Make it at least 24.83238pt, for example:
(fancyhdr)                \setlength{\headheight}{24.83238pt}.
(fancyhdr)                You might also make \topmargin smaller:
(fancyhdr)                \addtolength{\topmargin}{-12.83238pt}.

[15]
*geometry* verbose mode - [ newgeometry ] result:
* driver: xetex
* paper: a4paper
* layout: <same size as paper>
* layoutoffset:(h,v)=(0.0pt,0.0pt)
* modes: 
* h-part:(L,W,R)=(56.9055pt, 483.69687pt, 56.9055pt)
* v-part:(T,H,B)=(56.9055pt, 731.23584pt, 56.9055pt)
* \paperwidth=597.50787pt
* \paperheight=845.04684pt
* \textwidth=483.69687pt
* \textheight=731.23584pt
* \oddsidemargin=-15.36449pt
* \evensidemargin=-15.36449pt
* \topmargin=-47.23828pt
* \headheight=12.0pt
* \headsep=19.8738pt
* \topskip=11.0pt
* \footskip=27.46295pt
* \marginparwidth=53.0pt
* \marginparsep=7.0pt
* \columnsep=10.0pt
* \skip\footins=10.0pt plus 4.0pt minus 2.0pt
* \hoffset=0.0pt
* \voffset=0.0pt
* \mag=1000
* \@twocolumnfalse
* \@twosidefalse
* \@mparswitchfalse
* \@reversemarginfalse
* (1in=72.27pt=25.4mm, 1cm=28.453pt)


Overfull \hbox (246.36469pt too wide) in alignment at lines 576--581
 [] [] [] [] [] [] 
 []


Overfull \hbox (246.36469pt too wide) in alignment at lines 581--586
 [] [] [] [] [] [] 
 []


Overfull \hbox (246.36469pt too wide) in alignment at lines 586--589
 [] [] [] [] [] [] 
 []


Overfull \hbox (246.36469pt too wide) in alignment at lines 589--591
 [] [] [] [] [] [] 
 []


Underfull \hbox (badness 3219) in paragraph at lines 597--600
[]|\TU/Arial(0)/m/n/9 OG: Desarrollar y validar
 []


Underfull \hbox (badness 4582) in paragraph at lines 597--600
\TU/Arial(0)/m/n/9 criterios técnicos y regu-
 []


Underfull \hbox (badness 3199) in paragraph at lines 597--600
\TU/Arial(0)/m/n/9 latorios para la selección
 []


Underfull \hbox (badness 2005) in paragraph at lines 601--607
\TU/Arial(0)/m/n/9 trados predominantemente
 []


Underfull \hbox (badness 10000) in paragraph at lines 608--610
[]|\TU/Arial(0)/m/n/9 VI: Metodología técnico-
 []

LaTeX Font Info:    Font shape `TU/latinmodern-math.otf(2)/m/n' will be
(Font)              scaled to size 9.00096pt on input line 612.
LaTeX Font Info:    Font shape `TU/latinmodern-math.otf(2)/m/n' will be
(Font)              scaled to size 7.00075pt on input line 612.
LaTeX Font Info:    Font shape `TU/latinmodern-math.otf(2)/m/n' will be
(Font)              scaled to size 5.00053pt on input line 612.
LaTeX Font Info:    Font shape `TU/latinmodern-math.otf(3)/m/n' will be
(Font)              scaled to size 8.99904pt on input line 612.
LaTeX Font Info:    Font shape `TU/latinmodern-math.otf(3)/m/n' will be
(Font)              scaled to size 6.99925pt on input line 612.
LaTeX Font Info:    Font shape `TU/latinmodern-math.otf(3)/m/n' will be
(Font)              scaled to size 4.99947pt on input line 612.
LaTeX Font Info:    Font shape `OT1/ptm/bx/n' in size <9> not available
(Font)              Font shape `OT1/ptm/b/n' tried instead on input line 612.
LaTeX Font Info:    Font shape `OT1/ptm/bx/n' in size <7> not available
(Font)              Font shape `OT1/ptm/b/n' tried instead on input line 612.
LaTeX Font Info:    Font shape `OT1/ptm/bx/n' in size <5> not available
(Font)              Font shape `OT1/ptm/b/n' tried instead on input line 612.

Underfull \hbox (badness 10000) in paragraph at lines 611--613
[]|\TU/Arial(0)/m/n/9 Alineación con requisitos
 []


Underfull \hbox (badness 10000) in paragraph at lines 611--613
\TU/Arial(0)/m/n/9 Robustez de la decisión
 []


Underfull \hbox (badness 10000) in paragraph at lines 624--627
[]|\TU/Arial(0)/m/n/9 HE1: La identificación y
 []


Underfull \hbox (badness 2762) in paragraph at lines 628--630
[]|\TU/Arial(0)/m/n/9 VI: Aplicación de criterios
 []


Underfull \hbox (badness 1297) in paragraph at lines 631--633
[]|\TU/Arial(0)/m/n/9 Grado de alineación entre
 []


Underfull \hbox (badness 10000) in paragraph at lines 634--636
[]|\TU/Arial(0)/m/n/9 Matriz de trazabilidad
 []


Underfull \hbox (badness 10000) in paragraph at lines 637--639
[]|\TU/Arial(0)/m/n/9 PE2: ¿Qué instrumentos
 []


Underfull \hbox (badness 10000) in paragraph at lines 637--639
\TU/Arial(0)/m/n/9 metodológicos permiten
 []


Underfull \hbox (badness 10000) in paragraph at lines 637--639
\TU/Arial(0)/m/n/9 cuantificar objetivamente
 []


Underfull \hbox (badness 10000) in paragraph at lines 643--645
\TU/Arial(0)/m/n/9 trumentos metodológicos
 []


Underfull \hbox (badness 6032) in paragraph at lines 643--645
\TU/Arial(0)/m/n/9 especializados incrementa
 []


Underfull \hbox (badness 2600) in paragraph at lines 643--645
\TU/Arial(0)/m/n/9 significativamente la obje-
 []


Underfull \hbox (badness 5302) in paragraph at lines 643--645
\TU/Arial(0)/m/n/9 tividad, reproducibilidad y
 []


Underfull \hbox (badness 1264) in paragraph at lines 649--651
[]|\TU/Arial(0)/m/n/9 Consistencia entre evalua-
 []


Underfull \hbox (badness 10000) in paragraph at lines 661--664
[]|\TU/Arial(0)/m/n/9 HE3: La implementación
 []


Underfull \hbox (badness 2799) in paragraph at lines 661--664
\TU/Arial(0)/m/n/9 de un proceso decisional
 []


Underfull \hbox (badness 10000) in paragraph at lines 661--664
\TU/Arial(0)/m/n/9 estructurado técnico-
 []


Underfull \hbox (badness 10000) in paragraph at lines 661--664
\TU/Arial(0)/m/n/9 frente a aproximaciones
 []


Underfull \hbox (badness 10000) in paragraph at lines 665--667
[]|\TU/Arial(0)/m/n/9 VI: Proceso decisional
 []


Underfull \hbox (badness 10000) in paragraph at lines 668--670
\TU/Arial(0)/m/n/9 Participación cross-
 []


Underfull \hbox (badness 3209) in paragraph at lines 677--679
[]|\TU/Arial(0)/m/n/9 OE4: Implementar y vali-
 []


Underfull \hbox (badness 1117) in paragraph at lines 680--682
\TU/Arial(0)/m/n/9 mediante caso de estudio
 []


Underfull \hbox (badness 1803) in paragraph at lines 683--685
\TU/Arial(0)/m/n/9 VD: Efectividad práctica y
 []


Underfull \hbox (badness 1014) in paragraph at lines 692--694
\TU/Arial(0)/m/n/9 miten medir objetivamente
 []


Underfull \hbox (badness 1521) in paragraph at lines 692--694
\TU/Arial(0)/m/n/9 el éxito de una selección
 []


Underfull \hbox (badness 1117) in paragraph at lines 692--694
\TU/Arial(0)/m/n/9 tecnológica de interfaz de
 []


Underfull \hbox (badness 10000) in paragraph at lines 704--706
\TU/Arial(0)/m/n/9 Correlación indicadores-
 []


Underfull \hbox (badness 1342) in paragraph at lines 710--713
[]|\TU/Arial(0)/m/n/9 PE6: ¿De qué manera la
 []


Underfull \hbox (badness 10000) in paragraph at lines 710--713
\TU/Arial(0)/m/n/9 disponibilidad de herra-
 []


Underfull \hbox (badness 2809) in paragraph at lines 710--713
\TU/Arial(0)/m/n/9 mientas de IA generativa
 []


Underfull \hbox (badness 2818) in paragraph at lines 714--717
[]|\TU/Arial(0)/m/n/9 OE6: Determinar el efec-
 []


Underfull \hbox (badness 1215) in paragraph at lines 714--717
\TU/Arial(0)/m/n/9 to de la adopción de he-
 []


Underfull \hbox (badness 1325) in paragraph at lines 718--722
[]|\TU/Arial(0)/m/n/9 HE6: La disponibilidad de
 []


Underfull \hbox (badness 6220) in paragraph at lines 723--725
\TU/Arial(0)/m/n/9 tas de IA generativa en
 []


Underfull \hbox (badness 10000) in paragraph at lines 723--725
\TU/Arial(0)/m/n/9 VD: Relevancia relati-
 []


Underfull \hbox (badness 10000) in paragraph at lines 723--725
\TU/Arial(0)/m/n/9 va de criterios técnicos-
 []


Underfull \hbox (badness 10000) in paragraph at lines 729--731
[]|\TU/Arial(0)/m/n/9 Análisis de sensibilidad
 []


Overfull \hbox (246.36469pt too wide) in alignment at lines 591--731
 [] [] [] [] [] [] 
 []

LaTeX Info: Redefining \. on input line 734.
LaTeX Info: Redefining \% on input line 734.

Package fancyhdr Warning: \headheight is too small (12.0pt): 
(fancyhdr)                Make it at least 24.83238pt, for example:
(fancyhdr)                \setlength{\headheight}{24.83238pt}.
(fancyhdr)                You might also make \topmargin smaller:
(fancyhdr)                \addtolength{\topmargin}{-12.83238pt}.

[16


]) (2_CAPITULO2/capitulo2.tex
Capítulo II.
LaTeX Info: Redefining \. on input line 53.
LaTeX Info: Redefining \% on input line 53.

Package fancyhdr Warning: \headheight is too small (12.0pt): 
(fancyhdr)                Make it at least 24.83238pt, for example:
(fancyhdr)                \setlength{\headheight}{24.83238pt}.
(fancyhdr)                You might also make \topmargin smaller:
(fancyhdr)                \addtolength{\topmargin}{-12.83238pt}.

[17



]
LaTeX Info: Redefining \. on input line 94.
LaTeX Info: Redefining \% on input line 94.


Package fancyhdr Warning: \headheight is too small (12.0pt): 
(fancyhdr)                Make it at least 24.83238pt, for example:
(fancyhdr)                \setlength{\headheight}{24.83238pt}.
(fancyhdr)                You might also make \topmargin smaller:
(fancyhdr)                \addtolength{\topmargin}{-12.83238pt}.

[18]) (2_CAPITULO3/capitulo3.tex
LaTeX Info: Redefining \. on input line 1.
LaTeX Info: Redefining \% on input line 1.


Package fancyhdr Warning: \headheight is too small (12.0pt): 
(fancyhdr)                Make it at least 24.83238pt, for example:
(fancyhdr)                \setlength{\headheight}{24.83238pt}.
(fancyhdr)                You might also make \topmargin smaller:
(fancyhdr)                \addtolength{\topmargin}{-12.83238pt}.

[19]
Capítulo III.
LaTeX Info: Redefining \. on input line 47.
LaTeX Info: Redefining \% on input line 47.

Package fancyhdr Warning: \headheight is too small (12.0pt): 
(fancyhdr)                Make it at least 24.83238pt, for example:
(fancyhdr)                \setlength{\headheight}{24.83238pt}.
(fancyhdr)                You might also make \topmargin smaller:
(fancyhdr)                \addtolength{\topmargin}{-12.83238pt}.

[20

]
LaTeX Font Info:    Font shape `TU/latinmodern-math.otf(2)/m/n' will be
(Font)              scaled to size 10.00107pt on input line 87.
LaTeX Font Info:    Font shape `TU/latinmodern-math.otf(2)/m/n' will be
(Font)              scaled to size 7.40077pt on input line 87.
LaTeX Font Info:    Font shape `TU/latinmodern-math.otf(2)/m/n' will be
(Font)              scaled to size 6.00064pt on input line 87.
LaTeX Font Info:    Font shape `TU/latinmodern-math.otf(3)/m/n' will be
(Font)              scaled to size 9.99893pt on input line 87.
LaTeX Font Info:    Font shape `TU/latinmodern-math.otf(3)/m/n' will be
(Font)              scaled to size 7.3992pt on input line 87.
LaTeX Font Info:    Font shape `TU/latinmodern-math.otf(3)/m/n' will be
(Font)              scaled to size 5.99936pt on input line 87.
LaTeX Font Info:    Font shape `OT1/ptm/bx/n' in size <10> not available
(Font)              Font shape `OT1/ptm/b/n' tried instead on input line 87.
LaTeX Font Info:    Font shape `OT1/ptm/bx/n' in size <7.4> not available
(Font)              Font shape `OT1/ptm/b/n' tried instead on input line 87.
LaTeX Font Info:    Font shape `OT1/ptm/bx/n' in size <6> not available
(Font)              Font shape `OT1/ptm/b/n' tried instead on input line 87.

Underfull \hbox (badness 1721) in paragraph at lines 92--93
[]|\TU/Arial(0)/m/n/10 Fragmentación decisional de criterios
 []

) (2_CAPITULO4/capitulo4.tex
LaTeX Info: Redefining \. on input line 1.
LaTeX Info: Redefining \% on input line 1.


Package fancyhdr Warning: \headheight is too small (12.0pt): 
(fancyhdr)                Make it at least 24.83238pt, for example:
(fancyhdr)                \setlength{\headheight}{24.83238pt}.
(fancyhdr)                You might also make \topmargin smaller:
(fancyhdr)                \addtolength{\topmargin}{-12.83238pt}.

[21]
LaTeX Info: Redefining \. on input line 1.
LaTeX Info: Redefining \% on input line 1.


Package fancyhdr Warning: \headheight is too small (12.0pt): 
(fancyhdr)                Make it at least 24.83238pt, for example:
(fancyhdr)                \setlength{\headheight}{24.83238pt}.
(fancyhdr)                You might also make \topmargin smaller:
(fancyhdr)                \addtolength{\topmargin}{-12.83238pt}.

[22]
Capítulo IV.

Underfull \hbox (badness 10000) in paragraph at lines 25--25
[]|\TU/Arial(0)/m/n/10 Peso
 []


Underfull \hbox (badness 2680) in paragraph at lines 32--32
[]|\TU/Arial(0)/m/n/10 Compatibilidad multiplatafor-
 []


Underfull \hbox (badness 10000) in paragraph at lines 33--34
[]|\TU/Arial(0)/m/n/10 PCI-DSS, DORA, normativas
 []


Underfull \hbox (badness 10000) in paragraph at lines 34--35
[]|\TU/Arial(0)/m/n/10 Arquitecturas heterogéneas
 []


Underfull \hbox (badness 10000) in paragraph at lines 35--36
[]|\TU/Arial(0)/m/n/10 Criticidad operacional –
 []


Underfull \hbox (badness 4242) in paragraph at lines 36--36
[]|\TU/Arial(0)/m/n/10 Gobernanza regulatoria del
 []


Overfull \hbox (4.7022pt too wide) in paragraph at lines 23--41
 [][] 
 []

LaTeX Info: Redefining \. on input line 51.
LaTeX Info: Redefining \% on input line 51.

Package fancyhdr Warning: \headheight is too small (12.0pt): 
(fancyhdr)                Make it at least 24.83238pt, for example:
(fancyhdr)                \setlength{\headheight}{24.83238pt}.
(fancyhdr)                You might also make \topmargin smaller:
(fancyhdr)                \addtolength{\topmargin}{-12.83238pt}.

[23

]) (3_1_CONCLUSIONES/conclusiones.tex
LaTeX Info: Redefining \. on input line 1.
LaTeX Info: Redefining \% on input line 1.


Package fancyhdr Warning: \headheight is too small (12.0pt): 
(fancyhdr)                Make it at least 24.83238pt, for example:
(fancyhdr)                \setlength{\headheight}{24.83238pt}.
(fancyhdr)                You might also make \topmargin smaller:
(fancyhdr)                \addtolength{\topmargin}{-12.83238pt}.

[24]
LaTeX Info: Redefining \. on input line 1.
LaTeX Info: Redefining \% on input line 1.


Package fancyhdr Warning: \headheight is too small (12.0pt): 
(fancyhdr)                Make it at least 24.83238pt, for example:
(fancyhdr)                \setlength{\headheight}{24.83238pt}.
(fancyhdr)                You might also make \topmargin smaller:
(fancyhdr)                \addtolength{\topmargin}{-12.83238pt}.

[25]
LaTeX Info: Redefining \. on input line 56.
LaTeX Info: Redefining \% on input line 56.


Package fancyhdr Warning: \headheight is too small (12.0pt): 
(fancyhdr)                Make it at least 24.83238pt, for example:
(fancyhdr)                \setlength{\headheight}{24.83238pt}.
(fancyhdr)                You might also make \topmargin smaller:
(fancyhdr)                \addtolength{\topmargin}{-12.83238pt}.

[26

]
LaTeX Info: Redefining \. on input line 106.
LaTeX Info: Redefining \% on input line 106.


Package fancyhdr Warning: \headheight is too small (12.0pt): 
(fancyhdr)                Make it at least 24.83238pt, for example:
(fancyhdr)                \setlength{\headheight}{24.83238pt}.
(fancyhdr)                You might also make \topmargin smaller:
(fancyhdr)                \addtolength{\topmargin}{-12.83238pt}.

[27]) (3_3_BIBLIOGRAFIA/bibliografia.tex
LaTeX Info: Redefining \. on input line 1.
LaTeX Info: Redefining \% on input line 1.


Package fancyhdr Warning: \headheight is too small (12.0pt): 
(fancyhdr)                Make it at least 24.83238pt, for example:
(fancyhdr)                \setlength{\headheight}{24.83238pt}.
(fancyhdr)                You might also make \topmargin smaller:
(fancyhdr)                \addtolength{\topmargin}{-12.83238pt}.

[28]
LaTeX Info: Redefining \. on input line 5.
LaTeX Info: Redefining \% on input line 5.


Package fancyhdr Warning: \headheight is too small (12.0pt): 
(fancyhdr)                Make it at least 24.83238pt, for example:
(fancyhdr)                \setlength{\headheight}{24.83238pt}.
(fancyhdr)                You might also make \topmargin smaller:
(fancyhdr)                \addtolength{\topmargin}{-12.83238pt}.

[29

]
Underfull \hbox (badness 2443) in paragraph at lines 17--18
[]\TU/Arial(0)/m/n/10.95 Clark, G., y McDonald, S. (2022). WebAssembly and the 
future of high-
 []


Underfull \hbox (badness 10000) in paragraph at lines 25--26
[]\TU/Arial(0)/m/n/10.95 Deloitte. (2022). \TU/Arial(0)/m/it/10.95 Global finan
cial services industry outlook\TU/Arial(0)/m/n/10.95 . Descarga-
 []


Underfull \hbox (badness 10000) in paragraph at lines 25--26
\TU/Arial(0)/m/n/10.95 do de [][]$[][][][][] [][][] [][][][] [] [][][][][][][][
][] [] [][][][] [] [][][][][][] [] [][] [] [][][][][][][][] [] [][][][][][][][]
 []
 []


Underfull \hbox (badness 2065) in paragraph at lines 27--28
[]\TU/Arial(0)/m/n/10.95 Devographics. (2024). \TU/Arial(0)/m/it/10.95 State of
 JavaScript 2024\TU/Arial(0)/m/n/10.95 . Descargado de [][]$[][][][][] [][][]
 []

LaTeX Info: Redefining \. on input line 36.
LaTeX Info: Redefining \% on input line 36.

Package fancyhdr Warning: \headheight is too small (12.0pt): 
(fancyhdr)                Make it at least 24.83238pt, for example:
(fancyhdr)                \setlength{\headheight}{24.83238pt}.
(fancyhdr)                You might also make \topmargin smaller:
(fancyhdr)                \addtolength{\topmargin}{-12.83238pt}.

[30

]
LaTeX Info: Redefining \. on input line 67.
LaTeX Info: Redefining \% on input line 67.


Package fancyhdr Warning: \headheight is too small (12.0pt): 
(fancyhdr)                Make it at least 24.83238pt, for example:
(fancyhdr)                \setlength{\headheight}{24.83238pt}.
(fancyhdr)                You might also make \topmargin smaller:
(fancyhdr)                \addtolength{\topmargin}{-12.83238pt}.

[31])
LaTeX Info: Redefining \. on input line 32.
LaTeX Info: Redefining \% on input line 32.


Package fancyhdr Warning: \headheight is too small (12.0pt): 
(fancyhdr)                Make it at least 24.83238pt, for example:
(fancyhdr)                \setlength{\headheight}{24.83238pt}.
(fancyhdr)                You might also make \topmargin smaller:
(fancyhdr)                \addtolength{\topmargin}{-12.83238pt}.

[32] (main.aux
LaTeX Info: Redefining \. on input line 12.
LaTeX Info: Redefining \% on input line 12.
)
 ***********
LaTeX2e <2025-11-01>
L3 programming layer <2025-12-24>
 ***********
Package rerunfilecheck Info: File `main.out' has not changed.
(rerunfilecheck)             Checksum: 80B9EFC94B7A112D2E01C05AD92863F6;9695.
 ) 
Here is how much of TeX's memory you used:
 45391 strings out of 402987
 1017471 string characters out of 5448110
 1844110 words of memory out of 5000000
 73406 multiletter control sequences out of 15000+600000
 651334 words of font info for 146 fonts, out of 8000000 for 9000
 1348 hyphenation exceptions out of 8191
 91i,12n,107p,759b,796s stack positions out of 10000i,1000n,20000p,200000b,200000s

Output written on main.xdv (33 pages, 697136 bytes).
